Country_code,date,Deaths
ABW,2020-04-01,3.0
ABW,2020-08-01,12.0
ABW,2020-09-01,22.0
ABW,2020-10-01,7.0
ABW,2020-11-01,4.0
ABW,2020-12-01,8.0
ABW,2021-01-01,14.0
ABW,2021-02-01,16.0
ABW,2021-03-01,17.0
ABW,2021-04-01,14.0
ABW,2021-05-01,2.0
ABW,2021-06-01,3.0
ABW,2021-07-01,6.0
ABW,2021-08-01,60.0
ABW,2021-09-01,19.0
ABW,2021-10-01,3.0
ABW,2021-11-01,9.0
ABW,2021-12-01,8.0
ABW,2022-01-01,20.0
ABW,2022-02-01,2.0
ABW,2022-05-01,2.0
ABW,2022-06-01,4.0
ABW,2022-07-01,3.0
ABW,2022-08-01,1.0
ABW,2022-09-01,2.0
ABW,2022-10-01,2.0
ABW,2022-11-01,2.0
AGO,2020-07-01,2.0
AGO,2020-08-01,10.0
ALB,2020-08-01,11.0
ALB,2020-09-01,50.0
ALB,2020-10-01,19.0
ALB,2020-11-01,103.0
ALB,2020-12-01,180.0
ALB,2021-01-01,76.0
ALB,2021-02-01,288.0
ALB,2021-03-01,309.0
ALB,2021-04-01,56.0
ALB,2021-05-01,23.0
ALB,2021-06-01,2.0
ALB,2021-07-01,1.0
ALB,2021-08-01,37.0
ALB,2021-09-01,223.0
ALB,2021-10-01,228.0
ALB,2021-11-01,177.0
ALB,2021-12-01,157.0
ALB,2022-01-01,6.0
ALB,2024-01-01,1.0
ALB,2024-07-01,1.0
ALB,2024-08-01,2.0
ARG,2020-03-01,70.0
ARG,2020-04-01,450.0
ARG,2020-05-01,770.0
ARG,2020-06-01,2171.0
ARG,2020-07-01,6406.0
ARG,2020-08-01,7441.0
ARG,2020-09-01,11794.0
ARG,2020-10-01,8982.0
ARG,2020-11-01,5024.0
ARG,2020-12-01,4285.0
ARG,2021-01-01,5095.0
ARG,2021-02-01,3501.0
ARG,2021-03-01,5756.0
ARG,2021-04-01,12488.0
ARG,2021-05-01,15647.0
ARG,2021-06-01,14617.0
ARG,2021-07-01,6183.0
ARG,2021-08-01,3189.0
ARG,2021-09-01,1098.0
ARG,2021-10-01,290.0
ARG,2021-11-01,318.0
ARG,2021-12-01,736.0
ARG,2022-01-01,5255.0
ARG,2022-02-01,2454.0
ARG,2022-03-01,379.0
ARG,2022-04-01,102.0
ARG,2022-05-01,139.0
ARG,2022-06-01,24.0
ARG,2024-01-01,80.0
ARG,2024-02-01,64.0
ARG,2024-03-01,31.0
ARG,2024-04-01,3.0
ARG,2024-05-01,9.0
ARG,2024-06-01,6.0
ARG,2024-07-01,5.0
ARG,2024-08-01,5.0
ARG,2024-09-01,12.0
ARG,2024-10-01,16.0
ARG,2024-11-01,19.0
ARG,2024-12-01,12.0
ARG,2025-01-01,4.0
ARG,2025-02-01,7.0
ARG,2025-03-01,2.0
ARG,2025-04-01,8.0
ARG,2025-05-01,6.0
ARG,2025-06-01,13.0
ARG,2025-07-01,8.0
ARG,2025-08-01,2.0
AUS,2020-02-01,1.0
AUS,2020-03-01,51.0
AUS,2020-04-01,49.0
AUS,2020-05-01,2.0
AUS,2020-06-01,9.0
AUS,2020-07-01,196.0
AUS,2020-08-01,28.0
AUT,2020-03-01,133.0
AUT,2020-04-01,525.0
AUT,2020-05-01,79.0
AUT,2020-06-01,64.0
AUT,2020-07-01,51.0
AUT,2020-08-01,41.0
AUT,2020-09-01,129.0
AUT,2020-10-01,523.0
AUT,2020-11-01,2644.0
AUT,2020-12-01,3606.0
AUT,2021-01-01,1655.0
AUT,2021-02-01,993.0
AUT,2021-03-01,1137.0
AUT,2021-04-01,890.0
AUT,2021-05-01,407.0
AUT,2021-06-01,161.0
AUT,2021-07-01,57.0
AUT,2021-08-01,82.0
AUT,2021-09-01,334.0
AUT,2021-10-01,432.0
AUT,2021-11-01,1418.0
AUT,2021-12-01,1467.0
AUT,2022-01-01,349.0
AUT,2022-02-01,738.0
AUT,2022-03-01,1230.0
AUT,2022-04-01,598.0
AUT,2022-05-01,191.0
AUT,2022-06-01,163.0
AUT,2022-07-01,328.0
AUT,2022-08-01,292.0
AUT,2022-09-01,162.0
AUT,2022-10-01,345.0
AUT,2022-11-01,256.0
AUT,2022-12-01,250.0
AUT,2023-01-01,211.0
AUT,2023-02-01,178.0
AUT,2023-03-01,275.0
AUT,2023-04-01,124.0
AUT,2023-05-01,66.0
AUT,2023-06-01,17.0
BDI,2020-03-01,1.0
BEL,2020-03-01,978.0
BEL,2020-04-01,7097.0
BEL,2020-05-01,1237.0
BEL,2020-06-01,246.0
BEL,2020-07-01,88.0
BEL,2020-08-01,172.0
BEL,2020-09-01,183.0
BEL,2020-10-01,1940.0
BEL,2020-11-01,4779.0
BEL,2020-12-01,3006.0
BEL,2021-01-01,1392.0
BEL,2021-02-01,954.0
BEL,2021-03-01,964.0
BEL,2021-04-01,1075.0
BEL,2021-05-01,622.0
BEL,2021-06-01,218.0
BEL,2021-07-01,49.0
BEL,2021-08-01,118.0
BEL,2021-09-01,237.0
BEL,2021-10-01,410.0
BEL,2021-11-01,906.0
BEL,2021-12-01,1283.0
BEL,2022-01-01,671.0
BEL,2022-02-01,1048.0
BEL,2022-03-01,709.0
BEL,2022-04-01,564.0
BEL,2022-05-01,244.0
BEL,2022-06-01,215.0
BEL,2022-07-01,300.0
BEL,2022-08-01,278.0
BEL,2022-09-01,122.0
BEL,2022-10-01,234.0
BEL,2022-11-01,151.0
BEL,2022-12-01,288.0
BEL,2023-01-01,184.0
BEL,2023-02-01,183.0
BEL,2023-03-01,225.0
BEL,2023-04-01,94.0
BEL,2023-05-01,46.0
BEL,2023-06-01,13.0
BEN,2020-04-01,1.0
BEN,2020-06-01,1.0
BFA,2020-02-01,2.0
BGD,2020-04-01,11.0
BGD,2020-05-01,437.0
BGD,2020-06-01,1083.0
BGD,2020-07-01,1441.0
BGD,2020-08-01,1094.0
BGD,2020-09-01,1114.0
BGD,2020-10-01,565.0
BGD,2020-11-01,668.0
BGD,2020-12-01,1013.0
BGD,2021-01-01,501.0
BGD,2021-02-01,280.0
BGD,2021-03-01,858.0
BGD,2021-04-01,2309.0
BGD,2021-05-01,1003.0
BGD,2021-06-01,2482.0
BGD,2021-07-01,5851.0
BGD,2021-08-01,4957.0
BGD,2021-09-01,1513.0
BGD,2021-10-01,228.0
BGD,2021-11-01,93.0
BGD,2021-12-01,47.0
BGD,2022-01-01,286.0
BGD,2022-02-01,670.0
BGD,2022-03-01,75.0
BGD,2022-04-01,3.0
BGD,2022-05-01,3.0
BGD,2022-06-01,32.0
BGD,2022-07-01,122.0
BGD,2022-08-01,31.0
BGD,2022-09-01,38.0
BGD,2022-10-01,51.0
BGD,2022-11-01,11.0
BHR,2020-03-01,3.0
BHR,2020-04-01,4.0
BHR,2020-05-01,9.0
BHR,2020-06-01,64.0
BHR,2020-07-01,64.0
BHR,2020-08-01,43.0
BHR,2020-09-01,71.0
BHR,2020-10-01,61.0
BHR,2020-11-01,20.0
BHR,2020-12-01,11.0
BHR,2021-01-01,23.0
BHR,2021-02-01,73.0
BHR,2021-03-01,80.0
BHR,2021-04-01,115.0
BHR,2021-05-01,304.0
BHR,2021-06-01,404.0
BHR,2021-07-01,24.0
BHR,2021-08-01,2.0
BHR,2021-09-01,1.0
BHR,2021-10-01,4.0
BHR,2021-11-01,1.0
BHR,2021-12-01,1.0
BHR,2022-01-01,11.0
BHR,2022-02-01,43.0
BHR,2022-03-01,17.0
BHR,2022-04-01,5.0
BHR,2022-05-01,11.0
BHR,2022-06-01,7.0
BHR,2022-07-01,15.0
BHR,2022-08-01,6.0
BHR,2022-09-01,5.0
BHR,2022-10-01,7.0
BHR,2022-11-01,10.0
BHR,2022-12-01,3.0
BHR,2023-01-01,3.0
BHR,2023-02-01,5.0
BHR,2023-03-01,11.0
BHR,2023-04-01,3.0
BHR,2023-05-01,2.0
BHR,2023-06-01,2.0
BHR,2023-07-01,1.0
BHS,2020-04-01,22.0
BHS,2020-06-01,1.0
BHS,2020-07-01,5.0
BHS,2020-08-01,34.0
BHS,2020-09-01,71.0
BHS,2020-10-01,68.0
BHS,2020-11-01,7.0
BHS,2020-12-01,6.0
BHS,2021-01-01,6.0
BHS,2021-02-01,8.0
BHS,2021-03-01,20.0
BHS,2021-04-01,39.0
BHS,2021-05-01,26.0
BHS,2021-06-01,35.0
BHS,2021-07-01,81.0
BHS,2021-08-01,157.0
BHS,2021-09-01,187.0
BHS,2021-10-01,65.0
BHS,2021-11-01,15.0
BHS,2021-12-01,19.0
BHS,2022-01-01,48.0
BHS,2022-02-01,1.0
BHS,2023-10-01,1.0
BHS,2023-11-01,1.0
BHS,2024-01-01,2.0
BIH,2020-10-01,165.0
BIH,2020-11-01,1347.0
BIH,2020-12-01,1382.0
BIH,2021-01-01,487.0
BIH,2021-02-01,378.0
BIH,2021-03-01,1804.0
BIH,2021-04-01,1640.0
BIH,2021-05-01,553.0
BIH,2021-06-01,151.0
BIH,2021-07-01,28.0
BIH,2021-08-01,84.0
BIH,2021-09-01,881.0
BIH,2021-10-01,866.0
BIH,2021-11-01,927.0
BIH,2021-12-01,922.0
BIH,2022-01-01,931.0
BIH,2022-02-01,960.0
BIH,2022-03-01,215.0
BIH,2022-04-01,36.0
BIH,2022-05-01,21.0
BIH,2022-06-01,20.0
BIH,2022-07-01,63.0
BIH,2022-08-01,201.0
BIH,2022-09-01,67.0
BIH,2022-10-01,27.0
BIH,2022-11-01,28.0
BIH,2022-12-01,25.0
BIH,2023-01-01,31.0
BIH,2023-02-01,16.0
BIH,2023-03-01,30.0
BIH,2023-04-01,12.0
BIH,2023-05-01,10.0
BIH,2023-06-01,4.0
BIH,2023-09-01,3.0
BIH,2023-10-01,7.0
BIH,2023-11-01,10.0
BIH,2023-12-01,7.0
BIH,2024-01-01,4.0
BIH,2024-02-01,3.0
BIH,2024-03-01,1.0
BIH,2024-07-01,3.0
BIH,2024-08-01,6.0
BIH,2024-09-01,2.0
BIH,2024-10-01,3.0
BIH,2024-11-01,1.0
BIH,2025-01-01,1.0
BIH,2025-02-01,1.0
BLR,2022-04-01,2723.0
BLZ,2020-09-01,1.0
BMU,2020-04-01,8.0
BMU,2020-05-01,1.0
BMU,2020-12-01,2.0
BMU,2021-01-01,1.0
BMU,2021-03-01,6.0
BMU,2021-04-01,8.0
BMU,2022-01-01,9.0
BMU,2022-02-01,4.0
BMU,2022-03-01,3.0
BMU,2022-04-01,1.0
BOL,2022-12-01,1.0
BOL,2023-01-01,1.0
BOL,2023-03-01,1.0
BOL,2023-05-01,1.0
BOL,2023-10-01,2.0
BOL,2024-01-01,1.0
BOL,2024-02-01,1.0
BOL,2024-12-01,1.0
BOL,2025-01-01,1.0
BRA,2020-01-01,1.0
BRA,2020-02-01,5.0
BRA,2020-03-01,1184.0
BRA,2020-04-01,20746.0
BRA,2020-05-01,30825.0
BRA,2020-06-01,28382.0
BRA,2020-07-01,33417.0
BRA,2020-08-01,21319.0
BRA,2020-09-01,18883.0
BRA,2020-10-01,10797.0
BRA,2020-11-01,14364.0
BRA,2020-12-01,27243.0
BRA,2021-01-01,16364.0
BRA,2021-02-01,12978.0
BRA,2021-03-01,29751.0
BRA,2021-04-01,12831.0
BRA,2021-05-01,6079.0
BRA,2021-06-01,2920.0
BRA,2021-07-01,2.0
BRA,2024-12-01,81.0
BRA,2025-01-01,308.0
BRA,2025-02-01,225.0
BRA,2025-03-01,109.0
BRA,2025-04-01,70.0
BRA,2025-05-01,57.0
BRA,2025-06-01,45.0
BRA,2025-07-01,84.0
BRA,2025-08-01,144.0
BRB,2020-01-01,4.0
BRB,2020-03-01,2.0
BRB,2020-04-01,5.0
BRB,2021-01-01,1.0
BRB,2021-02-01,13.0
BRB,2021-03-01,18.0
BRB,2021-04-01,1.0
BRB,2021-05-01,1.0
BRB,2021-07-01,3.0
BRB,2021-09-01,24.0
BRB,2021-10-01,1.0
BRN,2020-03-01,1.0
BRN,2020-05-01,1.0
BRN,2020-06-01,1.0
BRN,2023-11-01,3.0
BRN,2023-12-01,10.0
BRN,2024-01-01,2.0
BRN,2024-07-01,2.0
BRN,2024-08-01,1.0
BRN,2024-11-01,1.0
BRN,2025-06-01,1.0
BTN,2021-07-01,1.0
BWA,2020-03-01,1.0
BWA,2020-06-01,1.0
CAF,2020-04-01,1.0
CAN,2020-03-01,366.0
CAN,2020-04-01,6095.0
CAN,2020-05-01,2192.0
CAN,2020-06-01,401.0
CAN,2020-07-01,191.0
CAN,2020-08-01,105.0
CAN,2020-09-01,497.0
CAN,2020-10-01,1266.0
CAN,2020-11-01,2358.0
CAN,2020-12-01,4638.0
CAN,2021-01-01,3705.0
CAN,2021-02-01,983.0
CAN,2021-03-01,1142.0
CAN,2021-04-01,1548.0
CAN,2021-05-01,815.0
CAN,2021-06-01,296.0
CAN,2021-07-01,100.0
CAN,2021-08-01,348.0
CAN,2021-09-01,1223.0
CAN,2021-10-01,684.0
CAN,2021-11-01,536.0
CAN,2021-12-01,1424.0
CAN,2022-01-01,5086.0
CAN,2022-02-01,1713.0
CAN,2022-03-01,1604.0
CAN,2022-04-01,2238.0
CAN,2022-05-01,1220.0
CAN,2022-06-01,905.0
CAN,2022-07-01,1139.0
CAN,2022-08-01,1328.0
CAN,2022-09-01,911.0
CAN,2022-10-01,1233.0
CAN,2022-11-01,782.0
CAN,2022-12-01,42.0
CAN,2023-01-01,839.0
CAN,2023-02-01,554.0
CAN,2023-03-01,572.0
CAN,2023-04-01,261.0
CAN,2023-05-01,207.0
CAN,2023-06-01,92.0
CAN,2023-07-01,72.0
CAN,2023-08-01,146.0
CAN,2023-09-01,270.0
CAN,2023-10-01,384.0
CAN,2023-11-01,471.0
CAN,2023-12-01,337.0
CAN,2024-01-01,289.0
CAN,2024-02-01,139.0
CAN,2024-03-01,53.0
CAN,2024-04-01,79.0
CAN,2024-05-01,118.0
CAN,2024-06-01,51.0
CAN,2024-07-01,20.0
CHE,2020-03-01,381.0
CHE,2020-04-01,1252.0
CHE,2020-05-01,90.0
CHE,2020-06-01,8.0
CHE,2020-07-01,19.0
CHE,2020-08-01,18.0
CHE,2020-09-01,69.0
CHE,2020-10-01,538.0
CHE,2020-11-01,2443.0
CHE,2020-12-01,2997.0
CHE,2021-01-01,1370.0
CHE,2021-02-01,440.0
CHE,2021-03-01,332.0
CHE,2021-04-01,231.0
CHE,2021-05-01,122.0
CHE,2021-06-01,61.0
CHE,2021-07-01,21.0
CHE,2021-08-01,85.0
CHE,2021-09-01,225.0
CHE,2021-10-01,141.0
CHE,2021-11-01,290.0
CHE,2021-12-01,827.0
CHE,2022-01-01,415.0
CHE,2022-02-01,355.0
CHE,2022-03-01,366.0
CHE,2022-04-01,138.0
CHE,2022-05-01,49.0
CHE,2022-06-01,55.0
CHE,2022-07-01,145.0
CHE,2022-08-01,80.0
CHE,2022-09-01,41.0
CHE,2022-10-01,96.0
CHE,2022-11-01,94.0
CHE,2022-12-01,97.0
CHE,2023-01-01,40.0
CHE,2023-02-01,17.0
CHE,2023-03-01,34.0
CHE,2023-04-01,19.0
CHE,2023-05-01,19.0
CHE,2023-06-01,3.0
CHE,2023-07-01,5.0
CHE,2023-08-01,10.0
CHE,2023-09-01,14.0
CHE,2023-10-01,18.0
CHE,2023-11-01,53.0
CHE,2023-12-01,35.0
CHL,2020-03-01,95.0
CHL,2020-04-01,864.0
CHL,2020-05-01,4382.0
CHL,2020-06-01,5834.0
CHL,2020-07-01,3076.0
CHL,2020-08-01,1764.0
CHL,2020-09-01,1775.0
CHL,2020-10-01,1142.0
CHL,2020-11-01,968.0
CHL,2020-12-01,1633.0
CHL,2021-01-01,2409.0
CHL,2021-02-01,2406.0
CHL,2021-03-01,3949.0
CHL,2021-04-01,3076.0
CHL,2021-05-01,3337.0
CHL,2021-06-01,3939.0
CHL,2021-07-01,1453.0
CHL,2021-08-01,632.0
CHL,2021-09-01,284.0
CHL,2021-10-01,430.0
CHL,2021-11-01,712.0
CHL,2021-12-01,640.0
CHL,2022-01-01,1145.0
CHL,2022-02-01,3812.0
CHL,2022-03-01,1605.0
CHL,2022-04-01,288.0
CHL,2022-05-01,288.0
CHL,2022-06-01,909.0
CHL,2022-07-01,832.0
CHL,2022-08-01,829.0
CHL,2022-09-01,415.0
CHL,2022-10-01,461.0
CHL,2022-11-01,814.0
CHL,2022-12-01,562.0
CHL,2023-01-01,550.0
CHL,2023-02-01,328.0
CHL,2023-03-01,450.0
CHL,2023-04-01,291.0
CHL,2023-05-01,114.0
CHL,2023-06-01,40.0
CHL,2023-07-01,26.0
CHL,2023-08-01,27.0
CHL,2023-09-01,59.0
CHL,2023-10-01,150.0
CHL,2023-11-01,264.0
CHL,2023-12-01,146.0
CHL,2024-01-01,119.0
CHL,2024-02-01,128.0
CHL,2024-03-01,112.0
CHL,2024-04-01,80.0
CHL,2024-05-01,25.0
CHL,2024-06-01,12.0
CHL,2024-07-01,7.0
CHL,2024-08-01,12.0
CHL,2024-09-01,18.0
CHL,2024-10-01,33.0
CHL,2024-11-01,21.0
CHL,2024-12-01,48.0
CHL,2025-01-01,3.0
CHL,2025-02-01,4.0
CHL,2025-03-01,6.0
CHL,2025-04-01,1.0
CHN,2020-05-01,1.0
CHN,2021-01-01,2.0
CHN,2022-03-01,2.0
CHN,2022-04-01,441.0
CHN,2022-05-01,134.0
CHN,2022-11-01,9.0
CHN,2022-12-01,14.0
CHN,2023-01-01,22.0
CIV,2020-03-01,1.0
CMR,2020-02-01,1.0
CMR,2020-03-01,35.0
CMR,2020-04-01,61.0
COD,2020-03-01,3.0
COG,2020-02-01,1.0
COG,2020-03-01,4.0
COG,2020-04-01,2.0
COK,2022-04-01,1.0
COL,2020-03-01,91.0
COL,2020-04-01,499.0
COL,2020-05-01,1169.0
COL,2020-06-01,3826.0
COL,2020-07-01,10596.0
COL,2020-08-01,7881.0
COL,2020-09-01,6166.0
COL,2020-10-01,5355.0
COL,2020-11-01,4810.0
COL,2020-12-01,9757.0
COL,2021-01-01,9629.0
COL,2021-02-01,3051.0
COL,2021-03-01,7469.0
COL,2021-04-01,13994.0
COL,2021-05-01,14418.0
COL,2021-06-01,19607.0
COL,2021-07-01,6522.0
COL,2021-08-01,1405.0
COL,2021-09-01,888.0
COL,2021-10-01,849.0
COL,2021-11-01,1382.0
COL,2021-12-01,1543.0
COL,2022-01-01,4433.0
COL,2022-02-01,1702.0
COL,2022-03-01,36.0
COL,2025-01-01,6.0
COL,2025-02-01,5.0
COL,2025-03-01,10.0
COL,2025-04-01,12.0
COL,2025-05-01,8.0
COL,2025-06-01,5.0
COL,2025-07-01,10.0
COL,2025-08-01,5.0
CRI,2020-02-01,2.0
CRI,2020-03-01,2.0
CRI,2020-04-01,3.0
CRI,2020-05-01,1.0
CRI,2020-06-01,10.0
CRI,2020-07-01,248.0
CRI,2020-08-01,298.0
CRI,2020-09-01,598.0
CRI,2020-10-01,400.0
CRI,2020-11-01,337.0
CRI,2020-12-01,525.0
CRI,2021-01-01,323.0
CRI,2021-02-01,139.0
CRI,2021-03-01,210.0
CRI,2021-04-01,457.0
CRI,2021-05-01,815.0
CRI,2021-06-01,518.0
CRI,2021-07-01,304.0
CRI,2021-08-01,536.0
CRI,2021-09-01,1045.0
CRI,2021-10-01,397.0
CRI,2021-11-01,118.0
CRI,2021-12-01,33.0
CRI,2022-01-01,301.0
CRI,2022-02-01,472.0
CRI,2022-03-01,197.0
CRI,2022-04-01,62.0
CRI,2022-05-01,2.0
CRI,2025-03-01,3.0
CRI,2025-04-01,4.0
CRI,2025-05-01,2.0
CRI,2025-06-01,3.0
CUB,2021-11-01,18.0
CUB,2021-12-01,23.0
CUB,2022-01-01,74.0
CUB,2022-02-01,97.0
CUB,2022-03-01,20.0
CUB,2022-04-01,13.0
CUB,2022-05-01,2.0
CUB,2022-08-01,1.0
CUB,2024-01-01,40.0
CUB,2024-02-01,23.0
CUB,2024-03-01,5.0
CUW,2020-03-01,1.0
CUW,2020-10-01,1.0
CUW,2020-11-01,4.0
CUW,2020-12-01,16.0
CUW,2021-01-01,1.0
CUW,2021-03-01,66.0
CUW,2021-04-01,36.0
CUW,2021-05-01,1.0
CUW,2021-07-01,7.0
CUW,2021-08-01,20.0
CUW,2021-09-01,19.0
CUW,2021-10-01,6.0
CUW,2021-11-01,4.0
CUW,2021-12-01,16.0
CUW,2022-01-01,54.0
CUW,2022-02-01,12.0
CUW,2022-03-01,4.0
CUW,2022-04-01,7.0
CUW,2022-05-01,2.0
CUW,2022-06-01,5.0
CUW,2022-07-01,7.0
CUW,2022-08-01,3.0
CUW,2022-09-01,1.0
CUW,2022-10-01,6.0
CUW,2022-11-01,3.0
CUW,2022-12-01,2.0
CUW,2023-01-01,2.0
CYM,2020-09-01,1.0
CYP,2020-03-01,10.0
CYP,2020-04-01,15.0
CYP,2020-05-01,5.0
CYP,2020-06-01,5.0
CYP,2020-07-01,1.0
CYP,2020-09-01,2.0
CYP,2020-10-01,4.0
CYP,2020-11-01,41.0
CYP,2020-12-01,100.0
CYP,2021-01-01,95.0
CYP,2021-02-01,50.0
CYP,2021-03-01,51.0
CYP,2021-04-01,81.0
CYP,2021-05-01,57.0
CYP,2021-06-01,26.0
CYP,2021-07-01,78.0
CYP,2021-08-01,99.0
CYP,2021-09-01,58.0
CYP,2021-10-01,26.0
CYP,2021-11-01,15.0
CYP,2021-12-01,80.0
CYP,2022-01-01,127.0
CYP,2022-02-01,119.0
CYP,2022-03-01,127.0
CYP,2022-04-01,67.0
CYP,2022-05-01,23.0
CYP,2022-06-01,29.0
CYP,2022-07-01,55.0
CYP,2022-08-01,35.0
CYP,2022-09-01,18.0
CYP,2022-10-01,29.0
CYP,2022-11-01,43.0
CYP,2022-12-01,19.0
CZE,2020-03-01,23.0
CZE,2020-04-01,231.0
CZE,2020-05-01,64.0
CZE,2020-06-01,28.0
CZE,2020-07-01,40.0
CZE,2020-08-01,40.0
CZE,2020-09-01,347.0
CZE,2020-10-01,3055.0
CZE,2020-11-01,4655.0
CZE,2020-12-01,3978.0
CZE,2021-01-01,4413.0
CZE,2021-02-01,4167.0
CZE,2021-03-01,6630.0
CZE,2021-04-01,2127.0
CZE,2021-05-01,596.0
CZE,2021-06-01,98.0
CZE,2021-07-01,13.0
CZE,2021-08-01,27.0
CZE,2021-09-01,54.0
CZE,2021-10-01,335.0
CZE,2021-11-01,2237.0
CZE,2021-12-01,3329.0
CZE,2022-01-01,909.0
CZE,2022-02-01,1430.0
CZE,2022-03-01,1030.0
CZE,2022-04-01,422.0
CZE,2022-05-01,100.0
CZE,2022-06-01,35.0
CZE,2022-07-01,192.0
CZE,2022-08-01,359.0
CZE,2022-09-01,279.0
CZE,2022-10-01,434.0
CZE,2022-11-01,243.0
CZE,2022-12-01,248.0
CZE,2023-01-01,143.0
CZE,2023-02-01,132.0
CZE,2023-03-01,234.0
CZE,2023-04-01,89.0
CZE,2023-05-01,34.0
CZE,2023-06-01,4.0
CZE,2023-07-01,3.0
CZE,2023-08-01,8.0
CZE,2023-09-01,29.0
CZE,2023-10-01,69.0
CZE,2023-11-01,185.0
CZE,2023-12-01,262.0
CZE,2024-01-01,127.0
CZE,2024-02-01,14.0
CZE,2024-03-01,8.0
CZE,2024-05-01,3.0
CZE,2024-06-01,2.0
CZE,2024-07-01,1.0
CZE,2024-08-01,17.0
CZE,2024-09-01,56.0
CZE,2024-10-01,133.0
CZE,2024-11-01,34.0
CZE,2024-12-01,27.0
CZE,2025-01-01,23.0
CZE,2025-02-01,8.0
CZE,2025-03-01,2.0
CZE,2025-04-01,2.0
CZE,2025-05-01,1.0
CZE,2025-06-01,4.0
CZE,2025-08-01,7.0
DEU,2020-02-01,1.0
DEU,2020-03-01,2032.0
DEU,2020-04-01,6491.0
DEU,2020-05-01,599.0
DEU,2020-06-01,141.0
DEU,2020-07-01,152.0
DEU,2020-08-01,114.0
DEU,2020-09-01,415.0
DEU,2020-10-01,3346.0
DEU,2020-11-01,11265.0
DEU,2020-12-01,28145.0
DEU,2021-01-01,18032.0
DEU,2021-02-01,6645.0
DEU,2021-03-01,6545.0
DEU,2021-04-01,6128.0
DEU,2021-05-01,2392.0
DEU,2021-06-01,310.0
DEU,2021-07-01,167.0
DEU,2021-08-01,806.0
DEU,2021-09-01,2040.0
DEU,2021-10-01,3389.0
DEU,2021-11-01,9738.0
DEU,2021-12-01,9679.0
DEU,2022-01-01,3540.0
DEU,2022-02-01,6618.0
DEU,2022-03-01,8719.0
DEU,2022-04-01,3757.0
DEU,2022-05-01,1498.0
DEU,2022-06-01,2082.0
DEU,2022-07-01,3823.0
DEU,2022-08-01,2747.0
DEU,2022-09-01,2070.0
DEU,2022-10-01,5359.0
DEU,2022-11-01,3327.0
DEU,2022-12-01,4350.0
DEU,2023-01-01,2012.0
DEU,2023-02-01,1998.0
DEU,2023-03-01,2708.0
DEU,2023-04-01,974.0
DEU,2023-05-01,488.0
DEU,2023-06-01,85.0
DNK,2020-03-01,211.0
DNK,2020-04-01,338.0
DNK,2020-05-01,50.0
DNK,2020-06-01,13.0
DNK,2020-07-01,14.0
DNK,2020-08-01,8.0
DNK,2020-09-01,52.0
DNK,2021-09-01,2.0
DNK,2021-10-01,5.0
DNK,2021-11-01,8.0
DNK,2021-12-01,9.0
DNK,2022-10-01,204.0
DNK,2022-11-01,180.0
DNK,2022-12-01,395.0
DNK,2023-01-01,175.0
DNK,2023-02-01,99.0
DNK,2023-03-01,165.0
DNK,2023-04-01,161.0
DNK,2023-05-01,112.0
DNK,2023-06-01,20.0
DNK,2023-07-01,16.0
DNK,2023-08-01,41.0
DNK,2023-09-01,58.0
DNK,2023-10-01,122.0
DNK,2023-11-01,276.0
DNK,2023-12-01,393.0
DNK,2024-01-01,115.0
DNK,2024-02-01,34.0
DNK,2024-03-01,16.0
DNK,2024-04-01,12.0
DNK,2024-05-01,9.0
DNK,2024-06-01,19.0
DNK,2024-07-01,73.0
DNK,2024-08-01,52.0
DNK,2024-09-01,65.0
DNK,2024-10-01,109.0
DNK,2024-11-01,15.0
DOM,2020-02-01,2.0
DOM,2020-03-01,230.0
DOM,2020-04-01,387.0
DOM,2020-05-01,206.0
DOM,2020-06-01,323.0
DOM,2020-07-01,702.0
DOM,2020-08-01,249.0
DOM,2020-09-01,182.0
DOM,2020-10-01,94.0
DOM,2020-11-01,110.0
DOM,2020-12-01,264.0
DOM,2021-01-01,327.0
DOM,2021-02-01,205.0
DOM,2021-03-01,187.0
DOM,2021-04-01,133.0
DOM,2021-05-01,163.0
DOM,2021-06-01,196.0
DOM,2021-07-01,61.0
DOM,2021-08-01,21.0
DOM,2021-09-01,57.0
DOM,2021-10-01,74.0
DOM,2021-11-01,45.0
DOM,2021-12-01,22.0
DOM,2022-01-01,44.0
DOM,2022-02-01,1.0
DZA,2020-02-01,2.0
DZA,2020-03-01,12.0
ECU,2020-02-01,1.0
ECU,2020-03-01,491.0
ECU,2020-04-01,4430.0
ECU,2020-05-01,2290.0
ECU,2020-06-01,1696.0
ECU,2020-07-01,2354.0
ECU,2020-08-01,1236.0
ECU,2020-09-01,939.0
ECU,2020-10-01,565.0
ECU,2020-11-01,472.0
ECU,2020-12-01,745.0
ECU,2021-01-01,1367.0
ECU,2021-02-01,1244.0
ECU,2021-03-01,2092.0
ECU,2021-04-01,2106.0
ECU,2021-05-01,1275.0
ECU,2021-06-01,908.0
ECU,2021-07-01,431.0
ECU,2021-08-01,213.0
ECU,2021-09-01,127.0
ECU,2021-10-01,82.0
ECU,2021-11-01,113.0
ECU,2021-12-01,237.0
ECU,2022-01-01,792.0
ECU,2022-02-01,441.0
ECU,2022-03-01,66.0
ECU,2022-04-01,18.0
ECU,2022-05-01,7.0
ECU,2022-06-01,1.0
ECU,2023-11-01,3.0
ECU,2023-12-01,2.0
ECU,2024-01-01,15.0
ECU,2024-02-01,4.0
ECU,2024-03-01,4.0
ECU,2024-04-01,1.0
ECU,2024-05-01,1.0
ECU,2024-06-01,1.0
ECU,2024-07-01,1.0
ECU,2024-08-01,1.0
ECU,2024-09-01,1.0
ECU,2024-10-01,2.0
ECU,2024-11-01,1.0
ECU,2025-01-01,1.0
ECU,2025-04-01,2.0
ECU,2025-06-01,1.0
EGY,2020-03-01,76.0
EGY,2020-04-01,454.0
EGY,2020-05-01,698.0
EGY,2020-06-01,1895.0
EGY,2020-07-01,1737.0
EGY,2020-08-01,357.0
EGY,2020-09-01,374.0
EGY,2020-10-01,333.0
EGY,2020-11-01,567.0
EGY,2020-12-01,1727.0
EGY,2021-01-01,1578.0
EGY,2021-02-01,1116.0
EGY,2021-03-01,1860.0
EGY,2021-04-01,1954.0
EGY,2021-05-01,1003.0
ERI,2020-12-01,5.0
ERI,2021-03-01,1.0
ESP,2020-02-01,1.0
ESP,2020-03-01,8537.0
ESP,2020-04-01,17973.0
ESP,2020-05-01,2418.0
ESP,2020-06-01,560.0
ESP,2020-07-01,239.0
ESP,2020-08-01,1051.0
ESP,2020-09-01,3843.0
ESP,2020-10-01,5180.0
ESP,2020-11-01,8698.0
ESP,2020-12-01,6491.0
ESP,2021-01-01,11125.0
ESP,2021-02-01,8779.0
ESP,2021-03-01,3305.0
ESP,2021-04-01,2113.0
ESP,2021-05-01,1265.0
ESP,2021-06-01,684.0
ESP,2021-07-01,1203.0
ESP,2021-08-01,2867.0
ESP,2021-09-01,1821.0
ESP,2021-10-01,509.0
ESP,2021-11-01,605.0
ESP,2021-12-01,2464.0
ESP,2022-01-01,5771.0
ESP,2022-02-01,4710.0
ESP,2022-03-01,1968.0
ESP,2022-04-01,1557.0
ESP,2022-05-01,2032.0
ESP,2022-06-01,2534.0
ESP,2022-07-01,3703.0
ESP,2022-08-01,1990.0
ESP,2022-09-01,569.0
ESP,2022-10-01,642.0
ESP,2022-11-01,810.0
ESP,2022-12-01,858.0
ESP,2023-01-01,713.0
ESP,2023-02-01,395.0
ESP,2023-03-01,481.0
ESP,2023-04-01,406.0
ESP,2023-05-01,497.0
ESP,2023-06-01,207.0
EST,2020-03-01,73.0
EST,2020-10-01,5.0
EST,2020-11-01,42.0
EST,2020-12-01,134.0
EST,2021-01-01,171.0
EST,2021-02-01,173.0
EST,2021-03-01,276.0
EST,2021-04-01,221.0
EST,2021-05-01,80.0
EST,2021-06-01,17.0
EST,2021-07-01,2.0
EST,2021-08-01,18.0
EST,2021-09-01,81.0
EST,2021-10-01,168.0
EST,2021-11-01,178.0
EST,2021-12-01,140.0
EST,2022-01-01,93.0
EST,2022-02-01,195.0
EST,2022-03-01,212.0
EST,2022-04-01,73.0
EST,2022-05-01,24.0
EST,2022-06-01,25.0
EST,2022-07-01,28.0
EST,2022-08-01,29.0
EST,2022-09-01,35.0
EST,2022-10-01,56.0
EST,2022-11-01,51.0
EST,2022-12-01,74.0
EST,2023-01-01,41.0
EST,2023-02-01,28.0
EST,2023-03-01,31.0
EST,2023-04-01,38.0
EST,2023-07-01,1.0
EST,2024-06-01,5.0
EST,2024-07-01,1.0
EST,2024-08-01,5.0
EST,2024-09-01,17.0
EST,2024-10-01,24.0
EST,2024-11-01,25.0
EST,2024-12-01,32.0
EST,2025-01-01,17.0
EST,2025-02-01,17.0
EST,2025-03-01,6.0
EST,2025-04-01,1.0
EST,2025-05-01,1.0
EST,2025-06-01,2.0
ETH,2020-03-01,3.0
ETH,2020-04-01,2.0
FIN,2020-03-01,13.0
FIN,2020-04-01,226.0
FIN,2020-05-01,70.0
FIN,2020-06-01,5.0
FIN,2020-07-01,5.0
FIN,2020-08-01,2.0
FIN,2020-09-01,13.0
FIN,2020-10-01,15.0
FIN,2020-11-01,46.0
FIN,2020-12-01,184.0
FIN,2021-01-01,102.0
FIN,2021-02-01,83.0
FIN,2021-03-01,112.0
FIN,2021-04-01,61.0
FIN,2021-05-01,47.0
FIN,2021-06-01,14.0
FIN,2021-07-01,9.0
FIN,2021-08-01,44.0
FIN,2021-09-01,65.0
FIN,2021-10-01,103.0
FIN,2021-11-01,188.0
FIN,2021-12-01,258.0
FIN,2022-01-01,438.0
FIN,2022-02-01,495.0
FIN,2022-03-01,939.0
FIN,2022-04-01,790.0
FIN,2022-05-01,423.0
FIN,2022-06-01,306.0
FIN,2022-07-01,307.0
FIN,2022-08-01,506.0
FIN,2022-09-01,354.0
FIN,2022-10-01,688.0
FIN,2022-11-01,905.0
FIN,2022-12-01,627.0
FIN,2023-01-01,396.0
FIN,2023-02-01,140.0
FIN,2023-03-01,174.0
FIN,2023-04-01,335.0
FIN,2023-05-01,403.0
FIN,2023-06-01,178.0
FIN,2023-07-01,77.0
FIN,2023-08-01,67.0
FIN,2023-09-01,87.0
FIN,2023-10-01,297.0
FIN,2023-11-01,498.0
FIN,2023-12-01,59.0
FIN,2024-01-01,55.0
FIN,2024-02-01,3.0
FRA,2020-01-01,1.0
FRA,2020-03-01,2695.0
FRA,2020-04-01,12789.0
FRA,2020-05-01,2898.0
FRA,2020-06-01,884.0
FRA,2020-07-01,467.0
FRA,2020-08-01,335.0
FRA,2020-09-01,1272.0
FRA,2020-10-01,3974.0
FRA,2020-11-01,10297.0
FRA,2020-12-01,9179.0
FRA,2021-01-01,8026.0
FRA,2021-02-01,8088.0
FRA,2021-03-01,8888.0
FRA,2021-04-01,7923.0
FRA,2021-05-01,4335.0
FRA,2021-06-01,1667.0
FRA,2021-07-01,688.0
FRA,2021-08-01,2199.0
FRA,2021-09-01,2324.0
FRA,2021-10-01,824.0
FRA,2021-11-01,1217.0
FRA,2021-12-01,4839.0
FRA,2022-01-01,6272.0
FRA,2022-02-01,6617.0
FRA,2022-03-01,3958.0
FRA,2022-04-01,3164.0
FRA,2022-05-01,2066.0
FRA,2022-06-01,1410.0
FRA,2022-07-01,2263.0
FRA,2022-08-01,2033.0
FRA,2022-09-01,893.0
FRA,2022-10-01,1633.0
FRA,2022-11-01,2104.0
FRA,2022-12-01,2713.0
FRA,2023-01-01,1929.0
FRA,2023-02-01,766.0
FRA,2023-03-01,788.0
FRA,2023-04-01,834.0
FRA,2023-05-01,745.0
FRA,2023-06-01,233.0
FRA,2023-09-01,1.0
FRA,2023-10-01,23.0
FRA,2023-11-01,32.0
FRA,2023-12-01,30.0
FRA,2024-01-01,35.0
FRA,2024-02-01,9.0
FRA,2024-10-01,21.0
FRA,2024-11-01,16.0
FRA,2024-12-01,18.0
FRA,2025-01-01,8.0
FRA,2025-02-01,5.0
FRA,2025-03-01,3.0
GAB,2020-03-01,1.0
GBR,2020-03-01,216.0
GBR,2020-04-01,2562.0
GBR,2020-05-01,1048.0
GBR,2020-06-01,238.0
GBR,2020-07-01,56.0
GBR,2020-08-01,28.0
GBR,2020-09-01,101.0
GBR,2020-10-01,786.0
GBR,2020-11-01,1608.0
GBR,2020-12-01,2249.0
GBR,2021-01-01,2542.0
GBR,2021-02-01,1404.0
GBR,2021-03-01,360.0
GBR,2021-04-01,65.0
GBR,2021-05-01,30.0
GBR,2021-06-01,82.0
GBR,2021-07-01,252.0
GBR,2021-08-01,237.0
GBR,2021-09-01,904.0
GBR,2021-10-01,731.0
GBR,2021-11-01,594.0
GBR,2021-12-01,488.0
GBR,2022-01-01,759.0
GBR,2022-02-01,531.0
GBR,2022-03-01,999.0
GBR,2022-04-01,719.0
GBR,2022-05-01,288.0
GBR,2022-06-01,73.0
GBR,2022-07-01,135.0
GBR,2022-08-01,38.0
GHA,2020-03-01,2.0
GHA,2020-05-01,12.0
GHA,2020-08-01,8.0
GMB,2020-06-01,1.0
GMB,2020-07-01,16.0
GMB,2020-08-01,4.0
GMB,2021-02-01,1.0
GNB,2020-04-01,3.0
GNQ,2020-03-01,2.0
GNQ,2020-04-01,7.0
GNQ,2020-05-01,44.0
GRC,2020-03-01,42.0
GRC,2020-04-01,102.0
GRC,2020-05-01,35.0
GRC,2020-06-01,12.0
GRC,2020-07-01,17.0
GRC,2020-08-01,57.0
GRC,2020-09-01,149.0
GRC,2020-10-01,235.0
GRC,2020-11-01,1798.0
GRC,2020-12-01,2555.0
GRC,2021-01-01,823.0
GRC,2021-02-01,727.0
GRC,2021-03-01,1974.0
GRC,2021-04-01,2104.0
GRC,2021-05-01,1471.0
GRC,2021-06-01,652.0
GRC,2021-07-01,253.0
GRC,2021-08-01,705.0
GRC,2021-09-01,1258.0
GRC,2021-10-01,1044.0
GRC,2021-11-01,2033.0
GRC,2021-12-01,2962.0
GRC,2022-01-01,2518.0
GRC,2022-02-01,2343.0
GRC,2022-03-01,1941.0
GRC,2022-04-01,1463.0
GRC,2022-05-01,576.0
GRC,2022-06-01,488.0
GRC,2022-07-01,1105.0
GRC,2022-08-01,1338.0
GRC,2022-09-01,436.0
GRC,2022-10-01,553.0
GRC,2022-11-01,735.0
GRC,2022-12-01,626.0
GRC,2023-01-01,737.0
GRC,2023-02-01,428.0
GRC,2023-03-01,365.0
GRC,2023-04-01,203.0
GRC,2023-05-01,261.0
GRC,2023-06-01,97.0
GRC,2023-07-01,76.0
GRC,2023-08-01,167.0
GRC,2023-09-01,184.0
GRC,2023-10-01,240.0
GRC,2023-11-01,242.0
GRC,2023-12-01,310.0
GRC,2024-01-01,428.0
GRC,2024-02-01,99.0
GRC,2024-03-01,39.0
GRC,2024-04-01,18.0
GRC,2024-05-01,17.0
GRC,2024-06-01,57.0
GRC,2024-07-01,180.0
GRC,2024-08-01,163.0
GRC,2024-09-01,112.0
GRC,2024-10-01,123.0
GRC,2024-11-01,111.0
GRC,2024-12-01,134.0
GRC,2025-01-01,98.0
GRC,2025-02-01,35.0
GRC,2025-03-01,6.0
GRC,2025-05-01,1.0
GRC,2025-06-01,6.0
GRC,2025-07-01,7.0
GRC,2025-08-01,11.0
GTM,2020-03-01,3.0
GTM,2020-04-01,17.0
GTM,2020-05-01,301.0
GTM,2020-06-01,772.0
GTM,2020-07-01,1081.0
GTM,2020-08-01,656.0
GTM,2020-09-01,386.0
GTM,2020-10-01,278.0
GTM,2020-11-01,265.0
GTM,2020-12-01,228.0
GTM,2021-01-01,161.0
GTM,2021-02-01,214.0
GTM,2021-03-01,432.0
GTM,2021-04-01,181.0
GTM,2021-05-01,99.0
GTM,2021-06-01,165.0
GTM,2021-07-01,205.0
GTM,2021-08-01,264.0
GTM,2021-09-01,320.0
GTM,2021-10-01,58.0
GTM,2024-03-01,1.0
GTM,2024-05-01,1.0
GTM,2025-03-01,1.0
GTM,2025-04-01,1.0
GUY,2020-03-01,1.0
GUY,2020-04-01,9.0
GUY,2020-05-01,2.0
GUY,2020-07-01,9.0
GUY,2020-08-01,28.0
GUY,2020-09-01,48.0
GUY,2020-10-01,32.0
GUY,2020-11-01,23.0
GUY,2020-12-01,15.0
GUY,2021-01-01,12.0
GUY,2021-02-01,19.0
GUY,2021-03-01,50.0
GUY,2021-04-01,61.0
GUY,2021-05-01,85.0
GUY,2021-06-01,96.0
GUY,2021-07-01,62.0
GUY,2021-08-01,69.0
GUY,2021-09-01,192.0
GUY,2021-10-01,118.0
GUY,2021-11-01,61.0
GUY,2021-12-01,67.0
GUY,2022-01-01,110.0
GUY,2022-02-01,50.0
GUY,2022-03-01,7.0
GUY,2022-04-01,2.0
GUY,2022-05-01,5.0
GUY,2022-06-01,23.0
GUY,2022-07-01,15.0
GUY,2022-08-01,8.0
GUY,2022-09-01,2.0
GUY,2022-11-01,4.0
GUY,2022-12-01,3.0
GUY,2023-01-01,6.0
GUY,2023-02-01,4.0
GUY,2023-06-01,1.0
GUY,2024-02-01,1.0
GUY,2024-03-01,1.0
GUY,2024-06-01,1.0
GUY,2025-03-01,1.0
GUY,2025-06-01,6.0
GUY,2025-07-01,3.0
HND,2021-05-01,1.0
HND,2021-06-01,1.0
HND,2021-07-01,1.0
HND,2022-02-01,1.0
HND,2022-07-01,1.0
HND,2022-08-01,1.0
HND,2023-01-01,1.0
HRV,2020-03-01,12.0
HRV,2020-04-01,79.0
HRV,2020-05-01,7.0
HRV,2020-06-01,6.0
HRV,2020-07-01,33.0
HRV,2020-08-01,18.0
HRV,2020-09-01,58.0
HRV,2020-10-01,86.0
HRV,2020-11-01,212.0
HRV,2020-12-01,489.0
HRV,2021-01-01,466.0
HRV,2021-02-01,223.0
HRV,2021-03-01,70.0
HRV,2021-04-01,235.0
HRV,2021-05-01,197.0
HRV,2021-06-01,24.0
HRV,2021-07-01,16.0
HRV,2021-08-01,27.0
HRV,2021-09-01,29.0
HRV,2021-10-01,20.0
HRV,2021-11-01,246.0
HRV,2021-12-01,322.0
HRV,2022-01-01,212.0
HRV,2022-02-01,954.0
HRV,2022-03-01,329.0
HRV,2022-04-01,45.0
HRV,2022-05-01,23.0
HRV,2022-06-01,10.0
HRV,2022-07-01,28.0
HRV,2022-08-01,53.0
HRV,2022-09-01,35.0
HRV,2022-10-01,27.0
HRV,2022-11-01,207.0
HRV,2022-12-01,179.0
HRV,2023-01-01,243.0
HRV,2023-02-01,104.0
HRV,2023-03-01,96.0
HRV,2023-04-01,111.0
HRV,2023-05-01,67.0
HRV,2023-06-01,13.0
HRV,2023-07-01,11.0
HRV,2023-08-01,19.0
HRV,2023-09-01,49.0
HRV,2023-10-01,76.0
HRV,2023-11-01,115.0
HRV,2023-12-01,158.0
HRV,2024-01-01,61.0
HRV,2024-02-01,2.0
HRV,2024-03-01,1.0
HRV,2024-04-01,1.0
HRV,2024-07-01,2.0
HRV,2024-08-01,7.0
HRV,2024-09-01,10.0
HRV,2024-10-01,6.0
HRV,2024-11-01,3.0
HRV,2024-12-01,4.0
HRV,2025-01-01,2.0
HRV,2025-02-01,4.0
HRV,2025-03-01,2.0
HRV,2025-08-01,1.0
HUN,2020-12-01,5610.0
HUN,2021-01-01,2613.0
HUN,2021-02-01,2314.0
HUN,2021-03-01,7486.0
HUN,2021-04-01,4423.0
HUN,2021-05-01,1191.0
HUN,2021-06-01,199.0
HUN,2021-07-01,25.0
HUN,2021-08-01,31.0
HUN,2021-09-01,202.0
HUN,2021-10-01,783.0
HUN,2021-11-01,3769.0
HUN,2021-12-01,5039.0
HUN,2022-01-01,1777.0
HUN,2022-02-01,2554.0
HUN,2022-03-01,1497.0
HUN,2022-04-01,669.0
HUN,2022-05-01,238.0
HUN,2022-06-01,102.0
HUN,2022-07-01,268.0
HUN,2022-08-01,471.0
HUN,2022-09-01,266.0
HUN,2022-10-01,426.0
HUN,2022-11-01,263.0
HUN,2022-12-01,258.0
HUN,2023-01-01,87.0
HUN,2023-02-01,34.0
HUN,2023-03-01,64.0
HUN,2023-04-01,33.0
HUN,2023-05-01,17.0
HUN,2023-06-01,4.0
HUN,2023-07-01,3.0
HUN,2023-08-01,2.0
HUN,2023-09-01,12.0
HUN,2023-10-01,23.0
HUN,2023-11-01,71.0
HUN,2023-12-01,89.0
HUN,2024-01-01,49.0
HUN,2024-02-01,8.0
HUN,2024-03-01,1.0
HUN,2024-04-01,2.0
HUN,2024-07-01,2.0
HUN,2024-08-01,6.0
HUN,2024-09-01,15.0
HUN,2024-10-01,26.0
HUN,2024-11-01,10.0
HUN,2024-12-01,10.0
HUN,2025-01-01,4.0
IDN,2020-03-01,1.0
IDN,2020-05-01,122.0
IDN,2020-06-01,879.0
IDN,2020-07-01,2143.0
IDN,2020-08-01,1027.0
IDN,2020-09-01,3695.0
IDN,2020-10-01,2728.0
IDN,2020-11-01,1193.0
IDN,2022-02-01,1212.0
IDN,2022-03-01,5800.0
IDN,2022-04-01,1008.0
IDN,2022-05-01,294.0
IDN,2022-06-01,148.0
IDN,2022-07-01,224.0
IDN,2022-08-01,644.0
IDN,2022-09-01,489.0
IDN,2022-10-01,331.0
IDN,2022-11-01,1373.0
IDN,2022-12-01,658.0
IDN,2023-01-01,189.0
IDN,2023-02-01,99.0
IDN,2023-03-01,116.0
IDN,2023-04-01,246.0
IDN,2023-05-01,481.0
IDN,2023-06-01,93.0
IDN,2023-07-01,38.0
IDN,2023-08-01,6.0
IDN,2023-09-01,2.0
IDN,2023-11-01,1.0
IDN,2023-12-01,48.0
IDN,2024-01-01,84.0
IDN,2024-02-01,8.0
IDN,2024-03-01,1.0
IDN,2024-04-01,2.0
IDN,2024-07-01,1.0
IRL,2020-02-01,1.0
IRL,2020-03-01,91.0
IRL,2020-04-01,1145.0
IRL,2020-05-01,270.0
IRL,2020-06-01,62.0
IRL,2020-07-01,19.0
IRL,2020-08-01,7.0
IRL,2020-09-01,47.0
IRL,2020-10-01,122.0
IRL,2020-11-01,178.0
IRL,2020-12-01,235.0
IRL,2021-01-01,1380.0
IRL,2021-02-01,891.0
IRL,2021-03-01,276.0
IRL,2021-04-01,89.0
IRL,2021-05-01,38.0
IRL,2021-06-01,25.0
IRL,2021-07-01,25.0
IRL,2021-08-01,82.0
IRL,2021-09-01,229.0
IRL,2021-10-01,214.0
IRL,2021-11-01,248.0
IRL,2021-12-01,279.0
IRL,2022-01-01,288.0
IRL,2022-02-01,213.0
IRL,2022-03-01,365.0
IRL,2022-04-01,305.0
IRL,2022-05-01,107.0
IRL,2022-06-01,123.0
IRL,2022-07-01,158.0
IRL,2022-08-01,102.0
IRL,2022-09-01,44.0
IRL,2022-10-01,36.0
IRL,2022-11-01,80.0
IRL,2022-12-01,113.0
IRL,2023-01-01,117.0
IRL,2023-02-01,48.0
IRL,2023-03-01,59.0
IRL,2023-04-01,56.0
IRL,2023-05-01,69.0
IRL,2023-06-01,31.0
IRL,2023-07-01,24.0
IRL,2023-08-01,80.0
IRL,2023-09-01,35.0
IRL,2023-10-01,43.0
IRL,2023-11-01,41.0
IRL,2023-12-01,52.0
IRL,2024-01-01,70.0
IRL,2024-02-01,23.0
IRL,2024-03-01,24.0
IRL,2024-04-01,12.0
IRL,2024-05-01,20.0
IRL,2024-06-01,35.0
IRL,2024-07-01,66.0
IRL,2024-08-01,26.0
IRL,2024-09-01,32.0
IRL,2024-10-01,30.0
IRL,2024-11-01,10.0
IRL,2024-12-01,12.0
IRL,2025-01-01,6.0
IRL,2025-02-01,8.0
IRL,2025-03-01,12.0
IRL,2025-04-01,14.0
IRL,2025-05-01,7.0
IRL,2025-06-01,15.0
IRL,2025-07-01,22.0
IRL,2025-08-01,15.0
IRQ,2020-02-01,2.0
IRQ,2020-03-01,22.0
IRQ,2020-04-01,36.0
IRQ,2020-05-01,75.0
IRQ,2020-06-01,1161.0
IRQ,2020-07-01,1825.0
IRQ,2020-08-01,777.0
IRQ,2020-09-01,833.0
IRQ,2020-10-01,380.0
IRQ,2020-11-01,227.0
IRQ,2020-12-01,125.0
IRQ,2021-01-01,152.0
IRQ,2021-02-01,337.0
IRQ,2021-03-01,409.0
IRQ,2021-04-01,267.0
IRQ,2021-05-01,75.0
IRQ,2021-06-01,152.0
IRQ,2021-07-01,526.0
IRQ,2021-08-01,587.0
IRQ,2021-09-01,272.0
IRQ,2021-10-01,49.0
IRQ,2021-11-01,10.0
ISL,2020-03-01,2.0
ISL,2020-04-01,8.0
ISL,2020-10-01,5.0
ISL,2020-11-01,9.0
ISL,2020-12-01,3.0
ISL,2021-05-01,1.0
ISL,2021-08-01,3.0
ISL,2021-10-01,1.0
ISL,2021-11-01,1.0
ISL,2021-12-01,3.0
ISL,2022-01-01,5.0
ISL,2022-02-01,16.0
ISL,2022-03-01,36.0
ISL,2022-04-01,15.0
ISL,2022-05-01,1.0
ISL,2022-06-01,6.0
ISR,2020-03-01,16.0
ISR,2020-04-01,220.0
ISR,2020-05-01,53.0
ISR,2020-06-01,39.0
ISR,2020-07-01,264.0
ISR,2020-08-01,347.0
ISR,2020-09-01,820.0
ISR,2020-10-01,830.0
ISR,2020-11-01,289.0
ISR,2020-12-01,581.0
ISR,2021-01-01,1356.0
ISR,2021-02-01,947.0
ISR,2021-03-01,495.0
ISR,2021-04-01,134.0
ISR,2021-05-01,30.0
ISR,2021-06-01,8.0
ISR,2021-07-01,65.0
ISR,2021-08-01,568.0
ISR,2021-09-01,796.0
ISR,2021-10-01,253.0
ISR,2021-11-01,82.0
ISR,2021-12-01,49.0
ITA,2020-02-01,88.0
ITA,2020-03-01,13782.0
ITA,2020-04-01,17044.0
ITA,2020-05-01,3582.0
ITA,2020-06-01,1184.0
ITA,2020-07-01,402.0
ITA,2020-08-01,181.0
ITA,2020-09-01,589.0
ITA,2020-10-01,4249.0
ITA,2020-11-01,19188.0
ITA,2020-12-01,19833.0
ITA,2021-01-01,12396.0
ITA,2021-02-01,8691.0
ITA,2021-03-01,13608.0
ITA,2021-04-01,9455.0
ITA,2021-05-01,3963.0
ITA,2021-06-01,1125.0
ITA,2021-07-01,299.0
ITA,2021-08-01,1058.0
ITA,2021-09-01,1795.0
ITA,2021-10-01,953.0
ITA,2021-11-01,1636.0
ITA,2021-12-01,4403.0
ITA,2022-01-01,9114.0
ITA,2022-02-01,7854.0
ITA,2022-03-01,4867.0
ITA,2022-04-01,3810.0
ITA,2022-05-01,2647.0
ITA,2022-06-01,1874.0
ITA,2022-07-01,3778.0
ITA,2022-08-01,3275.0
ITA,2022-09-01,1059.0
ITA,2022-10-01,1996.0
ITA,2022-11-01,2817.0
ITA,2022-12-01,2907.0
ITA,2023-01-01,1698.0
ITA,2023-02-01,932.0
ITA,2023-03-01,835.0
ITA,2023-04-01,615.0
ITA,2023-05-01,616.0
ITA,2023-06-01,197.0
ITA,2023-07-01,106.0
ITA,2023-08-01,264.0
ITA,2023-09-01,493.0
ITA,2023-10-01,691.0
ITA,2023-11-01,1145.0
ITA,2023-12-01,1419.0
ITA,2024-01-01,940.0
ITA,2024-02-01,188.0
ITA,2024-03-01,68.0
ITA,2024-04-01,39.0
ITA,2024-05-01,47.0
ITA,2024-06-01,66.0
ITA,2024-07-01,267.0
ITA,2024-08-01,394.0
ITA,2024-09-01,296.0
ITA,2024-10-01,520.0
ITA,2024-11-01,215.0
ITA,2024-12-01,176.0
ITA,2025-01-01,123.0
ITA,2025-02-01,66.0
ITA,2025-03-01,52.0
ITA,2025-04-01,9.0
JAM,2020-04-01,9.0
JAM,2020-05-01,1.0
JAM,2020-07-01,3.0
JAM,2020-08-01,16.0
JAM,2020-09-01,146.0
JAM,2020-10-01,83.0
JAM,2020-11-01,36.0
JAM,2020-12-01,45.0
JAM,2021-01-01,59.0
JAM,2021-02-01,178.0
JAM,2021-03-01,384.0
JAM,2021-04-01,174.0
JAM,2021-05-01,124.0
JAM,2021-06-01,97.0
JAM,2021-07-01,139.0
JAM,2021-08-01,565.0
JAM,2021-09-01,647.0
JAM,2021-10-01,180.0
JAM,2021-11-01,91.0
JAM,2021-12-01,66.0
JAM,2022-01-01,257.0
JAM,2022-02-01,84.0
JAM,2022-03-01,11.0
JAM,2022-04-01,7.0
JAM,2022-05-01,25.0
JAM,2022-06-01,43.0
JAM,2022-07-01,25.0
JAM,2022-08-01,37.0
JAM,2022-09-01,34.0
JAM,2022-10-01,6.0
JAM,2022-11-01,10.0
JAM,2022-12-01,1.0
JAM,2023-01-01,12.0
JAM,2023-02-01,16.0
JAM,2023-03-01,5.0
JAM,2023-04-01,3.0
JAM,2023-05-01,9.0
JAM,2023-06-01,9.0
JAM,2023-07-01,16.0
JAM,2023-08-01,9.0
JOR,2020-03-01,6.0
JOR,2020-04-01,4.0
JOR,2020-05-01,1.0
JOR,2020-07-01,1.0
JOR,2020-08-01,9.0
JOR,2020-09-01,118.0
JOR,2020-10-01,47.0
JOR,2020-11-01,63.0
JOR,2020-12-01,10.0
JPN,2020-02-01,4.0
JPN,2020-04-01,8.0
JPN,2020-09-01,232.0
JPN,2020-10-01,166.0
JPN,2020-11-01,216.0
JPN,2020-12-01,1412.0
KEN,2020-03-01,5.0
KEN,2020-04-01,1.0
KGZ,2021-06-01,109.0
KGZ,2021-07-01,298.0
KGZ,2021-08-01,185.0
KGZ,2021-09-01,84.0
KGZ,2021-10-01,64.0
KGZ,2021-11-01,71.0
KGZ,2021-12-01,62.0
KGZ,2022-01-01,46.0
KGZ,2022-02-01,77.0
KGZ,2022-03-01,33.0
KNA,2021-06-01,3.0
KNA,2021-08-01,2.0
KNA,2021-09-01,12.0
KNA,2021-10-01,8.0
KNA,2021-11-01,3.0
KNA,2022-01-01,10.0
KNA,2022-02-01,4.0
KNA,2022-03-01,1.0
KNA,2022-06-01,1.0
KNA,2022-07-01,2.0
KNA,2023-01-01,1.0
KNA,2023-02-01,1.0
LBN,2020-03-01,20.0
LBN,2020-04-01,6.0
LBN,2020-05-01,4.0
LBN,2020-06-01,9.0
LBN,2020-07-01,32.0
LBN,2020-08-01,90.0
LBN,2020-09-01,175.0
LBN,2020-10-01,22.0
LBY,2020-04-01,1.0
LCA,2020-11-01,3.0
LCA,2020-12-01,2.0
LCA,2021-01-01,17.0
LCA,2021-02-01,28.0
LCA,2021-03-01,11.0
LCA,2023-09-01,1.0
LCA,2025-04-01,1.0
LCA,2025-05-01,1.0
LIE,2020-04-01,1.0
LIE,2020-10-01,2.0
LIE,2020-11-01,14.0
LIE,2020-12-01,26.0
LIE,2021-01-01,10.0
LIE,2021-02-01,2.0
LIE,2021-03-01,1.0
LIE,2021-04-01,2.0
LIE,2021-06-01,1.0
LIE,2021-09-01,1.0
LIE,2021-10-01,1.0
LIE,2021-12-01,7.0
LIE,2022-01-01,5.0
LIE,2022-02-01,4.0
LIE,2022-03-01,4.0
LIE,2022-06-01,2.0
LIE,2022-07-01,1.0
LIE,2022-12-01,2.0
LIE,2023-03-01,4.0
LIE,2023-12-01,1.0
LIE,2024-02-01,1.0
LKA,2020-04-01,7.0
LKA,2020-05-01,3.0
LKA,2020-06-01,1.0
LKA,2020-09-01,1.0
LKA,2020-10-01,15.0
LKA,2020-11-01,63.0
LSO,2020-06-01,2.0
LTU,2020-03-01,23.0
LTU,2020-04-01,37.0
LTU,2020-05-01,17.0
LTU,2020-06-01,1.0
LTU,2020-07-01,2.0
LTU,2020-08-01,8.0
LTU,2020-09-01,34.0
LTU,2020-10-01,219.0
LTU,2020-11-01,767.0
LTU,2020-12-01,1504.0
LTU,2021-01-01,617.0
LTU,2021-02-01,305.0
LTU,2021-03-01,317.0
LTU,2021-04-01,288.0
LTU,2021-05-01,218.0
LTU,2021-06-01,56.0
LTU,2021-07-01,36.0
LTU,2021-08-01,239.0
LTU,2021-09-01,616.0
LTU,2021-10-01,968.0
LTU,2021-11-01,1284.0
LTU,2021-12-01,614.0
LTU,2022-01-01,287.0
LTU,2022-02-01,485.0
LTU,2022-03-01,222.0
LTU,2022-04-01,44.0
LTU,2022-05-01,7.0
LTU,2022-06-01,12.0
LTU,2022-07-01,14.0
LTU,2022-08-01,44.0
LTU,2022-09-01,12.0
LTU,2022-10-01,47.0
LTU,2022-11-01,25.0
LTU,2022-12-01,14.0
LTU,2023-01-01,42.0
LTU,2023-02-01,16.0
LTU,2023-03-01,17.0
LTU,2023-04-01,9.0
LTU,2023-05-01,12.0
LTU,2023-06-01,2.0
LTU,2023-08-01,5.0
LTU,2023-09-01,2.0
LTU,2023-10-01,9.0
LTU,2023-11-01,20.0
LTU,2023-12-01,4.0
LTU,2024-03-01,3.0
LTU,2024-04-01,2.0
LTU,2024-05-01,1.0
LTU,2024-06-01,2.0
LTU,2024-07-01,3.0
LTU,2024-08-01,5.0
LTU,2024-09-01,12.0
LTU,2024-10-01,23.0
LTU,2024-11-01,9.0
LTU,2024-12-01,11.0
LTU,2025-01-01,5.0
LTU,2025-02-01,5.0
LTU,2025-03-01,1.0
LTU,2025-04-01,3.0
LUX,2020-03-01,36.0
LUX,2020-04-01,47.0
LUX,2020-07-01,11.0
LUX,2020-08-01,1.0
LUX,2020-09-01,4.0
LUX,2020-10-01,38.0
LUX,2020-11-01,61.0
LUX,2020-12-01,97.0
LUX,2021-01-01,42.0
LUX,2021-02-01,69.0
LUX,2021-03-01,100.0
LUX,2021-04-01,25.0
LUX,2021-05-01,7.0
LUX,2021-06-01,1.0
LUX,2021-07-01,6.0
LUX,2021-08-01,5.0
LUX,2021-09-01,6.0
LUX,2021-10-01,19.0
LUX,2021-11-01,29.0
LUX,2021-12-01,36.0
LUX,2022-01-01,51.0
LUX,2022-02-01,51.0
LUX,2022-03-01,63.0
LUX,2022-04-01,36.0
LUX,2022-05-01,22.0
LUX,2022-06-01,21.0
LUX,2022-07-01,12.0
LUX,2022-08-01,7.0
LUX,2022-09-01,4.0
LUX,2022-10-01,13.0
LUX,2022-11-01,14.0
LUX,2022-12-01,16.0
LUX,2023-01-01,13.0
LUX,2023-02-01,4.0
LUX,2023-03-01,10.0
LVA,2020-10-01,20.0
LVA,2020-11-01,153.0
LVA,2020-12-01,495.0
LVA,2021-01-01,492.0
LVA,2021-02-01,389.0
LVA,2021-03-01,291.0
LVA,2021-04-01,167.0
LVA,2021-05-01,168.0
LVA,2021-06-01,99.0
LVA,2021-07-01,18.0
LVA,2021-08-01,22.0
LVA,2021-09-01,171.0
LVA,2021-10-01,610.0
LVA,2021-11-01,741.0
LVA,2021-12-01,339.0
LVA,2022-01-01,287.0
LVA,2022-02-01,431.0
LVA,2022-03-01,471.0
LVA,2022-04-01,151.0
LVA,2022-05-01,35.0
LVA,2022-06-01,25.0
LVA,2022-07-01,30.0
LVA,2022-08-01,34.0
LVA,2022-09-01,47.0
LVA,2022-10-01,42.0
LVA,2022-11-01,36.0
LVA,2022-12-01,57.0
LVA,2023-01-01,32.0
LVA,2023-02-01,19.0
LVA,2023-03-01,34.0
LVA,2023-04-01,28.0
LVA,2023-05-01,16.0
LVA,2023-06-01,8.0
LVA,2023-08-01,2.0
LVA,2023-09-01,8.0
LVA,2023-10-01,16.0
LVA,2023-11-01,25.0
MDA,2020-09-01,1.0
MDA,2020-10-01,181.0
MDA,2020-11-01,436.0
MDA,2020-12-01,681.0
MDA,2021-01-01,290.0
MDA,2021-02-01,455.0
MDA,2021-03-01,929.0
MDA,2021-04-01,550.0
MDA,2021-05-01,138.0
MDA,2021-06-01,62.0
MDA,2021-07-01,45.0
MDA,2021-08-01,87.0
MDA,2021-09-01,385.0
MDA,2021-10-01,660.0
MDA,2021-11-01,667.0
MDA,2021-12-01,540.0
MDA,2022-01-01,339.0
MDA,2022-02-01,574.0
MDA,2022-03-01,233.0
MDA,2022-04-01,57.0
MDA,2022-05-01,40.0
MDA,2022-06-01,26.0
MDA,2022-07-01,60.0
MDA,2022-08-01,153.0
MDA,2022-09-01,75.0
MDA,2022-10-01,36.0
MDA,2022-11-01,26.0
MDA,2022-12-01,16.0
MDA,2023-01-01,17.0
MDA,2023-02-01,35.0
MDA,2023-03-01,103.0
MDA,2023-04-01,27.0
MDA,2023-05-01,10.0
MDA,2023-06-01,1.0
MDA,2023-07-01,1.0
MDA,2025-04-01,1.0
MDA,2025-07-01,1.0
MDA,2025-08-01,2.0
MDV,2020-04-01,2.0
MDV,2020-05-01,1.0
MDV,2020-07-01,7.0
MDV,2020-08-01,2.0
MDV,2021-01-01,6.0
MDV,2021-02-01,11.0
MDV,2021-03-01,5.0
MDV,2021-04-01,6.0
MDV,2021-05-01,85.0
MDV,2021-06-01,44.0
MDV,2021-07-01,9.0
MDV,2021-08-01,5.0
MDV,2021-09-01,7.0
MDV,2021-10-01,8.0
MDV,2021-11-01,7.0
MDV,2021-12-01,5.0
MEX,2020-03-01,22.0
MEX,2020-04-01,7948.0
MEX,2020-05-01,13601.0
MEX,2020-06-01,15991.0
MEX,2020-07-01,21683.0
MEX,2020-08-01,12756.0
MEX,2020-09-01,12116.0
MEX,2020-10-01,12226.0
MEX,2020-11-01,13931.0
MEX,2020-12-01,24824.0
MEX,2021-01-01,28996.0
MEX,2021-02-01,15273.0
MEX,2021-03-01,10667.0
MEX,2021-04-01,4855.0
MEX,2021-05-01,2874.0
MEX,2021-06-01,4072.0
MEX,2021-07-01,8773.0
MEX,2021-08-01,17194.0
MEX,2021-09-01,13928.0
MEX,2021-10-01,5295.0
MEX,2021-11-01,3284.0
MEX,2021-12-01,3327.0
MEX,2022-01-01,8932.0
MEX,2022-02-01,6845.0
MEX,2022-03-01,1156.0
MEX,2022-04-01,264.0
MEX,2022-05-01,165.0
MEX,2022-06-01,887.0
MEX,2022-07-01,2101.0
MEX,2022-08-01,1060.0
MEX,2022-09-01,186.0
MEX,2022-10-01,70.0
MEX,2022-11-01,165.0
MEX,2022-12-01,557.0
MEX,2023-01-01,889.0
MEX,2023-02-01,445.0
MEX,2023-03-01,399.0
MEX,2023-04-01,222.0
MEX,2023-05-01,191.0
MEX,2023-06-01,90.0
MEX,2023-07-01,95.0
MEX,2023-08-01,142.0
MEX,2023-09-01,16.0
MEX,2024-01-01,73.0
MEX,2024-02-01,93.0
MEX,2024-03-01,97.0
MEX,2024-04-01,43.0
MEX,2024-05-01,50.0
MEX,2024-06-01,35.0
MEX,2024-07-01,111.0
MEX,2024-08-01,115.0
MEX,2024-09-01,42.0
MEX,2024-10-01,25.0
MEX,2024-11-01,7.0
MEX,2024-12-01,2.0
MEX,2025-01-01,16.0
MEX,2025-02-01,12.0
MEX,2025-03-01,11.0
MEX,2025-04-01,55.0
MEX,2025-05-01,56.0
MEX,2025-06-01,35.0
MEX,2025-07-01,29.0
MEX,2025-08-01,8.0
MKD,2020-03-01,6.0
MKD,2020-04-01,81.0
MKD,2020-05-01,52.0
MKD,2020-06-01,168.0
MKD,2020-07-01,204.0
MKD,2020-08-01,105.0
MKD,2020-09-01,165.0
MKD,2020-10-01,304.0
MKD,2020-11-01,975.0
MKD,2020-12-01,961.0
MKD,2021-01-01,356.0
MKD,2021-02-01,286.0
MKD,2021-03-01,956.0
MKD,2021-04-01,991.0
MKD,2021-05-01,262.0
MKD,2021-06-01,39.0
MKD,2021-07-01,12.0
MKD,2021-08-01,500.0
MKD,2021-09-01,862.0
MKD,2021-10-01,377.0
MKD,2021-11-01,402.0
MKD,2021-12-01,353.0
MKD,2022-01-01,421.0
MKD,2022-02-01,604.0
MKD,2022-03-01,163.0
MKD,2022-04-01,34.0
MKD,2022-05-01,10.0
MKD,2022-06-01,11.0
MKD,2022-07-01,39.0
MKD,2022-08-01,129.0
MKD,2022-09-01,23.0
MKD,2022-10-01,11.0
MKD,2022-11-01,12.0
MKD,2022-12-01,9.0
MKD,2023-01-01,21.0
MKD,2023-02-01,10.0
MKD,2023-03-01,14.0
MKD,2023-04-01,16.0
MKD,2023-05-01,5.0
MKD,2023-06-01,2.0
MKD,2023-08-01,1.0
MKD,2023-09-01,6.0
MKD,2023-10-01,14.0
MKD,2023-11-01,5.0
MKD,2023-12-01,2.0
MKD,2024-01-01,7.0
MKD,2024-02-01,4.0
MKD,2024-03-01,1.0
MKD,2024-07-01,1.0
MKD,2024-08-01,5.0
MKD,2024-09-01,6.0
MKD,2024-10-01,1.0
MKD,2024-12-01,1.0
MLI,2020-03-01,1.0
MLT,2020-04-01,4.0
MLT,2020-05-01,5.0
MLT,2020-08-01,3.0
MLT,2020-09-01,28.0
MLT,2020-10-01,24.0
MLT,2020-11-01,27.0
MLT,2020-12-01,62.0
MLT,2021-01-01,17.0
MLT,2021-02-01,15.0
MLT,2021-03-01,6.0
MLT,2021-04-01,7.0
MLT,2021-05-01,3.0
MLT,2021-06-01,1.0
MLT,2021-07-01,2.0
MLT,2021-08-01,16.0
MLT,2021-09-01,18.0
MLT,2021-10-01,21.0
MLT,2021-11-01,7.0
MLT,2021-12-01,6.0
MLT,2022-01-01,70.0
MLT,2022-02-01,57.0
MLT,2022-03-01,37.0
MLT,2022-04-01,57.0
MLT,2022-05-01,23.0
MLT,2022-06-01,27.0
MLT,2022-07-01,46.0
MLT,2022-08-01,8.0
MLT,2022-09-01,4.0
MLT,2022-10-01,2.0
MLT,2022-11-01,1.0
MLT,2022-12-01,7.0
MLT,2023-01-01,6.0
MLT,2023-02-01,3.0
MLT,2023-03-01,6.0
MLT,2023-04-01,4.0
MLT,2023-05-01,4.0
MLT,2023-06-01,3.0
MLT,2023-07-01,7.0
MLT,2023-08-01,8.0
MLT,2023-09-01,5.0
MLT,2023-10-01,3.0
MLT,2023-11-01,1.0
MLT,2023-12-01,3.0
MLT,2024-01-01,7.0
MLT,2024-02-01,2.0
MLT,2024-03-01,1.0
MLT,2024-04-01,1.0
MLT,2024-05-01,3.0
MLT,2024-06-01,3.0
MLT,2024-07-01,10.0
MLT,2024-08-01,5.0
MLT,2024-09-01,1.0
MLT,2024-10-01,4.0
MLT,2025-02-01,1.0
MLT,2025-04-01,1.0
MLT,2025-05-01,2.0
MLT,2025-07-01,8.0
MLT,2025-08-01,1.0
MMR,2020-03-01,1.0
MMR,2020-04-01,4.0
MMR,2020-09-01,404.0
MMR,2020-10-01,845.0
MMR,2020-11-01,659.0
MMR,2020-12-01,809.0
MMR,2021-01-01,118.0
MNE,2020-10-01,129.0
MNE,2020-11-01,96.0
MNE,2020-12-01,203.0
MNE,2021-01-01,128.0
MNE,2021-02-01,198.0
MNE,2021-03-01,302.0
MNE,2021-04-01,216.0
MNE,2021-05-01,78.0
MNE,2021-06-01,36.0
MNE,2021-07-01,15.0
MNE,2021-08-01,59.0
MNE,2021-09-01,218.0
MNE,2021-10-01,168.0
MNE,2021-11-01,182.0
MNE,2021-12-01,140.0
MNE,2022-01-01,78.0
MNE,2022-02-01,121.0
MNE,2022-03-01,52.0
MNE,2022-04-01,10.0
MNE,2022-05-01,5.0
MNE,2022-06-01,9.0
MNE,2022-07-01,8.0
MNE,2022-08-01,32.0
MNE,2022-09-01,4.0
MNE,2022-10-01,3.0
MNE,2022-11-01,5.0
MNE,2022-12-01,1.0
MNE,2023-01-01,5.0
MNE,2023-02-01,5.0
MNE,2023-03-01,16.0
MNE,2023-04-01,11.0
MNE,2023-05-01,2.0
MNG,2020-01-01,69.0
MNG,2020-02-01,22.0
MNG,2020-03-01,19.0
MNG,2020-04-01,53.0
MNG,2020-05-01,76.0
MNG,2020-06-01,32.0
MNG,2020-07-01,12.0
MNG,2020-08-01,1.0
MNG,2020-09-01,12.0
MNG,2020-10-01,5.0
MNG,2020-11-01,17.0
MNG,2020-12-01,108.0
MRT,2020-03-01,1.0
MRT,2025-02-01,1.0
MUS,2020-02-01,1.0
MUS,2020-03-01,2.0
MUS,2020-04-01,7.0
MWI,2020-04-01,3.0
MWI,2020-05-01,4.0
MWI,2020-06-01,3.0
MWI,2020-07-01,6.0
MWI,2020-08-01,1.0
MYS,2020-03-01,23.0
MYS,2020-04-01,73.0
MYS,2020-05-01,10.0
MYS,2020-06-01,6.0
MYS,2020-07-01,4.0
MYS,2020-09-01,12.0
MYS,2020-10-01,105.0
MYS,2020-11-01,105.0
MYS,2020-12-01,156.0
MYS,2021-01-01,315.0
MYS,2021-02-01,310.0
MYS,2021-03-01,153.0
MYS,2021-04-01,336.0
MYS,2021-05-01,1635.0
MYS,2021-06-01,2776.0
MYS,2021-07-01,4323.0
MYS,2021-08-01,7495.0
MYS,2021-09-01,9384.0
MYS,2021-10-01,1991.0
MYS,2021-11-01,1359.0
MYS,2021-12-01,1105.0
MYS,2022-01-01,376.0
MYS,2022-02-01,1151.0
MYS,2022-03-01,2346.0
MYS,2022-04-01,265.0
MYS,2022-05-01,106.0
MYS,2022-06-01,122.0
MYS,2022-07-01,206.0
MYS,2022-08-01,233.0
MYS,2022-09-01,119.0
MYS,2022-10-01,93.0
MYS,2022-11-01,262.0
MYS,2022-12-01,90.0
MYS,2023-01-01,87.0
MYS,2023-02-01,17.0
MYS,2023-03-01,27.0
MYS,2023-04-01,36.0
MYS,2023-05-01,93.0
MYS,2023-06-01,32.0
MYS,2023-07-01,10.0
MYS,2023-08-01,3.0
MYS,2023-09-01,10.0
MYS,2023-10-01,6.0
MYS,2023-11-01,18.0
MYS,2023-12-01,83.0
MYS,2024-01-01,54.0
MYS,2024-02-01,1.0
MYS,2024-04-01,2.0
MYS,2024-05-01,1.0
NAM,2020-06-01,11.0
NAM,2020-07-01,8.0
NAM,2020-08-01,35.0
NAM,2020-09-01,12.0
NAM,2021-01-01,16.0
NAM,2021-02-01,55.0
NAM,2021-03-01,10.0
NGA,2020-03-01,7.0
NGA,2020-04-01,4.0
NLD,2020-03-01,1132.0
NLD,2020-04-01,4242.0
NLD,2020-05-01,680.0
NLD,2020-06-01,128.0
NLD,2020-07-01,41.0
NLD,2020-08-01,81.0
NLD,2020-09-01,294.0
NLD,2020-10-01,1324.0
NLD,2020-11-01,1742.0
NLD,2020-12-01,2541.0
NLD,2021-01-01,2143.0
NLD,2021-02-01,1485.0
NLD,2021-03-01,903.0
NLD,2021-04-01,566.0
NLD,2021-05-01,361.0
NLD,2021-06-01,109.0
NLD,2021-07-01,87.0
NLD,2021-08-01,178.0
NLD,2021-09-01,173.0
NLD,2021-10-01,296.0
NLD,2021-11-01,1142.0
NLD,2021-12-01,1444.0
NLD,2022-01-01,260.0
NLD,2022-02-01,316.0
NLD,2022-03-01,434.0
NLD,2022-04-01,170.0
NLD,2022-05-01,49.0
NLD,2022-06-01,72.0
NLD,2022-07-01,119.0
NLD,2022-08-01,104.0
NLD,2022-09-01,67.0
NLD,2022-10-01,156.0
NLD,2022-11-01,85.0
NLD,2022-12-01,62.0
NPL,2020-05-01,2.0
NPL,2020-08-01,78.0
NPL,2020-09-01,313.0
NPL,2020-10-01,423.0
NPL,2020-11-01,513.0
NPL,2020-12-01,367.0
NPL,2021-01-01,150.0
NPL,2021-02-01,745.0
NPL,2021-03-01,256.0
NPL,2021-04-01,290.0
NPL,2021-05-01,3939.0
NPL,2021-06-01,1943.0
NPL,2021-07-01,649.0
NPL,2021-08-01,839.0
NPL,2021-09-01,466.0
NPL,2021-10-01,243.0
NPL,2021-11-01,115.0
NPL,2021-12-01,73.0
NPL,2022-01-01,139.0
NPL,2022-02-01,196.0
NPL,2022-03-01,16.0
NPL,2022-05-01,1.0
NPL,2022-07-01,15.0
NPL,2022-08-01,40.0
NPL,2022-09-01,11.0
NPL,2022-10-01,1.0
NPL,2023-01-01,1.0
NPL,2023-04-01,10.0
NPL,2023-05-01,1.0
OMN,2020-03-01,2.0
OMN,2020-04-01,21.0
OMN,2020-05-01,51.0
OMN,2020-06-01,150.0
OMN,2020-07-01,289.0
OMN,2020-08-01,194.0
OMN,2020-09-01,335.0
OMN,2020-10-01,201.0
OMN,2020-11-01,106.0
OMN,2020-12-01,35.0
OMN,2021-01-01,27.0
OMN,2021-02-01,64.0
OMN,2021-03-01,218.0
OMN,2021-04-01,361.0
OMN,2021-05-01,181.0
OMN,2021-06-01,438.0
OMN,2021-07-01,155.0
OMN,2021-08-01,24.0
OMN,2021-09-01,12.0
OMN,2021-12-01,4.0
OMN,2022-01-01,4.0
PAK,2020-03-01,48.0
PAK,2020-04-01,736.0
PAK,2020-05-01,1614.0
PAK,2020-06-01,2923.0
PAK,2020-07-01,1032.0
PAK,2020-08-01,191.0
PAK,2020-09-01,152.0
PAK,2020-10-01,27.0
PAK,2020-12-01,1.0
PAK,2021-03-01,27.0
PAN,2020-03-01,16.0
PAN,2020-04-01,235.0
PAN,2020-05-01,167.0
PAN,2020-06-01,309.0
PAN,2020-07-01,705.0
PAN,2024-01-01,43.0
PAN,2024-02-01,3.0
PAN,2024-03-01,3.0
PAN,2024-04-01,1.0
PAN,2024-05-01,2.0
PAN,2024-06-01,13.0
PAN,2024-07-01,33.0
PAN,2024-08-01,2.0
PAN,2024-09-01,2.0
PAN,2024-10-01,3.0
PAN,2024-11-01,1.0
PAN,2024-12-01,4.0
PAN,2025-01-01,10.0
PAN,2025-02-01,4.0
PAN,2025-03-01,4.0
PAN,2025-04-01,5.0
PAN,2025-05-01,3.0
PAN,2025-06-01,2.0
PAN,2025-07-01,6.0
PER,2020-01-01,58.0
PER,2020-03-01,122.0
PER,2020-04-01,6328.0
PER,2020-05-01,14746.0
PER,2020-06-01,16148.0
PER,2020-07-01,20624.0
PER,2020-08-01,15794.0
PER,2020-09-01,9494.0
PER,2020-10-01,3804.0
PER,2020-11-01,2948.0
PER,2020-12-01,4470.0
PER,2021-01-01,10508.0
PER,2021-02-01,18434.0
PER,2021-03-01,23314.0
PER,2021-04-01,21328.0
PER,2021-05-01,14780.0
PER,2021-06-01,8676.0
PER,2021-07-01,2860.0
PER,2021-08-01,1698.0
PER,2021-09-01,1308.0
PER,2021-10-01,951.0
PER,2021-11-01,1016.0
PER,2021-12-01,1475.0
PER,2022-01-01,3231.0
PER,2022-02-01,3602.0
PER,2022-03-01,1460.0
PER,2022-04-01,665.0
PER,2022-05-01,555.0
PER,2022-06-01,647.0
PER,2022-07-01,957.0
PER,2022-08-01,1533.0
PER,2022-09-01,809.0
PER,2022-10-01,357.0
PER,2022-11-01,498.0
PER,2022-12-01,737.0
PER,2023-01-01,522.0
PER,2023-02-01,343.0
PER,2023-03-01,373.0
PER,2023-04-01,207.0
PER,2024-01-01,341.0
PER,2024-02-01,73.0
PER,2024-03-01,28.0
PER,2024-04-01,10.0
PER,2024-05-01,8.0
PER,2024-06-01,5.0
PER,2024-07-01,5.0
PER,2024-08-01,3.0
PER,2024-09-01,1.0
PER,2024-10-01,2.0
PER,2024-11-01,2.0
PER,2024-12-01,7.0
PER,2025-01-01,43.0
PER,2025-02-01,9.0
PER,2025-03-01,3.0
PER,2025-04-01,1.0
PER,2025-05-01,2.0
PER,2025-07-01,1.0
PHL,2020-01-01,2.0
PHL,2020-03-01,345.0
PHL,2020-04-01,699.0
PHL,2020-05-01,377.0
PHL,2020-06-01,761.0
PHL,2020-07-01,1868.0
PHL,2020-08-01,1908.0
PHL,2020-09-01,2073.0
PHL,2020-10-01,1192.0
PHL,2020-11-01,952.0
PHL,2020-12-01,946.0
PHL,2021-01-01,1146.0
PHL,2021-02-01,1037.0
PHL,2021-03-01,3272.0
PHL,2021-04-01,4398.0
PHL,2021-05-01,3682.0
PHL,2021-06-01,4347.0
PHL,2021-07-01,3746.0
PHL,2021-08-01,7015.0
PHL,2021-09-01,10932.0
PHL,2021-10-01,5187.0
PHL,2021-11-01,1382.0
PHL,2021-12-01,387.0
PHL,2022-01-01,2926.0
PHL,2022-02-01,1756.0
PHL,2022-03-01,553.0
PHL,2022-04-01,166.0
PHL,2022-05-01,31.0
PHL,2022-06-01,61.0
PHL,2022-07-01,260.0
PHL,2022-08-01,595.0
PHL,2022-09-01,198.0
PHL,2022-10-01,216.0
PHL,2022-11-01,259.0
PHL,2022-12-01,181.0
PHL,2023-01-01,66.0
PHL,2023-02-01,27.0
PHL,2023-03-01,3.0
POL,2020-01-01,1.0
POL,2025-07-01,1.0
POL,2025-08-01,2.0
PRT,2020-03-01,150.0
PRT,2020-04-01,996.0
PRT,2020-05-01,286.0
PRT,2020-06-01,139.0
PRT,2020-07-01,171.0
PRT,2020-08-01,85.0
PRT,2020-09-01,197.0
PRT,2020-10-01,577.0
PRT,2020-11-01,1916.0
PRT,2020-12-01,2708.0
PRT,2021-01-01,5566.0
PRT,2021-02-01,3557.0
PRT,2021-03-01,528.0
PRT,2021-04-01,93.0
PRT,2021-05-01,46.0
PRT,2021-06-01,94.0
PRT,2021-07-01,267.0
PRT,2021-08-01,346.0
PRT,2021-09-01,269.0
PRT,2021-10-01,163.0
PRT,2021-11-01,276.0
PRT,2021-12-01,576.0
PRT,2022-01-01,913.0
PRT,2022-02-01,1157.0
PRT,2022-03-01,731.0
PRT,2022-04-01,552.0
PRT,2022-05-01,782.0
PRT,2022-06-01,1118.0
PRT,2022-07-01,411.0
PRT,2022-08-01,261.0
PRT,2022-09-01,172.0
PRT,2022-10-01,201.0
PRT,2022-11-01,281.0
PRT,2022-12-01,253.0
PRT,2023-01-01,216.0
PRT,2023-02-01,189.0
PRT,2023-03-01,237.0
PRT,2023-04-01,140.0
PRT,2023-05-01,199.0
PRT,2023-06-01,139.0
PRT,2023-07-01,121.0
PRT,2023-08-01,259.0
PRT,2023-09-01,234.0
PRT,2023-10-01,160.0
PRT,2023-11-01,100.0
PRT,2023-12-01,128.0
PRT,2024-01-01,165.0
PRT,2024-02-01,20.0
PRT,2024-03-01,14.0
PRT,2024-04-01,20.0
PRT,2024-05-01,69.0
PRT,2024-06-01,267.0
PRT,2024-07-01,325.0
PRT,2024-08-01,118.0
PRT,2024-09-01,62.0
PRT,2024-10-01,52.0
PRT,2024-11-01,29.0
PRT,2024-12-01,13.0
PRT,2025-01-01,23.0
PRT,2025-02-01,17.0
PRT,2025-03-01,6.0
PRT,2025-04-01,20.0
PRT,2025-05-01,29.0
PRT,2025-06-01,55.0
PRT,2025-07-01,93.0
PRT,2025-08-01,113.0
PSE,2020-03-01,1.0
PSE,2020-04-01,1.0
PSE,2020-07-01,2.0
PSE,2020-08-01,5.0
PSE,2020-09-01,4.0
PSE,2020-10-01,2.0
QAT,2020-04-01,13.0
QAT,2020-05-01,78.0
QAT,2020-06-01,61.0
QAT,2020-07-01,17.0
QAT,2020-08-01,4.0
QAT,2020-09-01,16.0
QAT,2020-10-01,4.0
QAT,2020-11-01,5.0
QAT,2020-12-01,3.0
QAT,2021-01-01,8.0
QAT,2021-02-01,14.0
QAT,2021-03-01,39.0
QAT,2021-04-01,45.0
QAT,2021-05-01,6.0
QAT,2021-06-01,4.0
QAT,2021-07-01,1.0
QAT,2021-08-01,3.0
QAT,2021-09-01,3.0
QAT,2021-11-01,3.0
QAT,2021-12-01,3.0
QAT,2022-01-01,7.0
ROU,2020-03-01,83.0
ROU,2020-04-01,758.0
ROU,2020-05-01,446.0
ROU,2020-06-01,361.0
ROU,2020-07-01,877.0
ROU,2020-08-01,1229.0
ROU,2020-09-01,1534.0
ROU,2020-10-01,2585.0
ROU,2020-11-01,5193.0
ROU,2020-12-01,5390.0
ROU,2021-01-01,2586.0
ROU,2021-02-01,2214.0
ROU,2021-03-01,4636.0
ROU,2021-04-01,4294.0
ROU,2021-05-01,1729.0
ROU,2021-06-01,373.0
ROU,2021-07-01,56.0
ROU,2021-08-01,275.0
ROU,2021-09-01,3558.0
ROU,2021-10-01,11384.0
ROU,2021-11-01,7447.0
ROU,2021-12-01,1795.0
ROU,2022-01-01,1345.0
ROU,2022-02-01,3491.0
ROU,2022-03-01,1366.0
ROU,2022-04-01,371.0
ROU,2022-05-01,147.0
ROU,2022-06-01,75.0
ROU,2022-07-01,308.0
ROU,2022-08-01,748.0
ROU,2022-09-01,239.0
ROU,2022-10-01,140.0
ROU,2022-11-01,102.0
ROU,2022-12-01,131.0
ROU,2023-01-01,162.0
ROU,2023-02-01,121.0
ROU,2023-03-01,216.0
ROU,2023-04-01,166.0
ROU,2023-05-01,113.0
ROU,2023-06-01,30.0
ROU,2023-07-01,13.0
ROU,2023-08-01,32.0
ROU,2023-09-01,110.0
ROU,2023-10-01,154.0
ROU,2023-11-01,114.0
ROU,2023-12-01,75.0
ROU,2024-01-01,54.0
ROU,2024-02-01,17.0
ROU,2024-03-01,7.0
ROU,2024-04-01,7.0
ROU,2024-05-01,4.0
ROU,2024-06-01,4.0
ROU,2024-07-01,18.0
ROU,2024-08-01,54.0
ROU,2024-09-01,20.0
ROU,2024-10-01,30.0
ROU,2024-11-01,14.0
ROU,2024-12-01,10.0
ROU,2025-01-01,6.0
ROU,2025-02-01,2.0
ROU,2025-03-01,2.0
ROU,2025-04-01,1.0
ROU,2025-07-01,8.0
ROU,2025-08-01,15.0
SAU,2020-04-01,122.0
SAU,2020-05-01,6.0
SAU,2021-03-01,40.0
SDN,2020-03-01,4.0
SDN,2020-04-01,52.0
SDN,2020-05-01,179.0
SDN,2020-06-01,210.0
SDN,2020-07-01,204.0
SDN,2020-08-01,21.0
SDN,2020-09-01,5.0
SDN,2020-10-01,4.0
SDN,2020-11-01,118.0
SDN,2020-12-01,151.0
SDN,2021-01-01,86.0
SDN,2021-02-01,39.0
SEN,2020-03-01,2.0
SEN,2020-04-01,16.0
SEN,2020-05-01,1.0
SGP,2020-04-01,12.0
SGP,2020-05-01,5.0
SGP,2020-06-01,3.0
SGP,2020-07-01,1.0
SOM,2020-04-01,47.0
SOM,2020-05-01,31.0
SOM,2020-06-01,14.0
SOM,2020-07-01,1.0
SSD,2020-04-01,14.0
SSD,2020-05-01,17.0
SUR,2020-03-01,1.0
SUR,2021-03-01,1.0
SUR,2021-04-01,1.0
SUR,2021-05-01,1.0
SUR,2021-06-01,1.0
SUR,2021-10-01,1.0
SUR,2024-01-01,1.0
SUR,2024-05-01,1.0
SVK,2020-04-01,25.0
SVK,2020-05-01,3.0
SVK,2020-07-01,2.0
SVK,2020-08-01,7.0
SVK,2020-09-01,53.0
SVK,2020-10-01,419.0
SVK,2020-11-01,959.0
SVK,2020-12-01,1942.0
SVK,2021-01-01,2416.0
SVK,2021-02-01,2622.0
SVK,2021-03-01,2417.0
SVK,2021-04-01,843.0
SVK,2021-05-01,296.0
SVK,2021-06-01,91.0
SVK,2021-07-01,14.0
SVK,2021-08-01,12.0
SVK,2021-09-01,200.0
SVK,2021-10-01,535.0
SVK,2021-11-01,1834.0
SVK,2021-12-01,2260.0
SVK,2022-01-01,686.0
SVK,2022-02-01,683.0
SVK,2022-03-01,613.0
SVK,2022-04-01,146.0
SVK,2022-05-01,27.0
SVK,2022-06-01,21.0
SVK,2022-07-01,42.0
SVK,2022-08-01,73.0
SVK,2022-09-01,44.0
SVK,2022-10-01,83.0
SVK,2022-11-01,44.0
SVK,2022-12-01,35.0
SVK,2023-01-01,30.0
SVK,2023-02-01,39.0
SVK,2023-03-01,38.0
SVK,2023-04-01,18.0
SVK,2023-05-01,8.0
SVK,2023-06-01,1.0
SVK,2023-09-01,6.0
SVK,2023-10-01,18.0
SVK,2023-11-01,18.0
SVK,2023-12-01,22.0
SVK,2024-01-01,15.0
SVK,2024-02-01,3.0
SVK,2024-03-01,1.0
SVK,2024-07-01,3.0
SVK,2024-09-01,2.0
SVK,2024-10-01,28.0
SVK,2024-11-01,11.0
SVK,2024-12-01,8.0
SVK,2025-01-01,2.0
SVK,2025-03-01,2.0
SVN,2020-03-01,13.0
SVN,2020-04-01,92.0
SVN,2020-05-01,13.0
SVN,2020-06-01,2.0
SVN,2020-07-01,14.0
SVN,2020-08-01,13.0
SVN,2020-09-01,33.0
SVN,2020-10-01,285.0
SVN,2020-11-01,1130.0
SVN,2020-12-01,1702.0
SVN,2021-01-01,670.0
SVN,2021-02-01,332.0
SVN,2021-03-01,243.0
SVN,2021-04-01,194.0
SVN,2021-05-01,118.0
SVN,2021-06-01,62.0
SVN,2021-07-01,11.0
SVN,2021-08-01,25.0
SVN,2021-09-01,127.0
SVN,2021-10-01,172.0
SVN,2021-11-01,425.0
SVN,2021-12-01,430.0
SVN,2022-01-01,279.0
SVN,2022-02-01,474.0
SVN,2022-03-01,322.0
SVN,2022-04-01,177.0
SVN,2022-05-01,115.0
SVN,2022-06-01,92.0
SVN,2022-07-01,128.0
SVN,2022-08-01,185.0
SVN,2022-09-01,98.0
SVN,2022-10-01,147.0
SVN,2022-11-01,156.0
SVN,2022-12-01,207.0
SVN,2023-01-01,91.0
SVN,2023-02-01,44.0
SVN,2023-03-01,69.0
SVN,2023-04-01,59.0
SVN,2023-05-01,43.0
SVN,2023-06-01,22.0
SVN,2023-07-01,8.0
SVN,2023-08-01,5.0
SVN,2023-09-01,13.0
SVN,2023-10-01,47.0
SVN,2023-11-01,97.0
SVN,2023-12-01,106.0
SVN,2024-01-01,147.0
SVN,2024-02-01,35.0
SVN,2024-03-01,9.0
SVN,2024-04-01,6.0
SVN,2024-05-01,5.0
SVN,2024-06-01,4.0
SVN,2024-07-01,18.0
SWE,2020-03-01,239.0
SWE,2020-04-01,2861.0
SWE,2020-05-01,1521.0
SWE,2020-06-01,818.0
SWE,2020-07-01,287.0
SWE,2020-08-01,63.0
SWE,2020-09-01,65.0
SWE,2020-10-01,163.0
SWE,2020-11-01,1141.0
SWE,2020-12-01,2927.0
SWE,2021-01-01,2144.0
SWE,2021-02-01,792.0
SWE,2021-03-01,665.0
SWE,2021-04-01,520.0
SWE,2021-05-01,335.0
SWE,2021-06-01,95.0
SWE,2021-07-01,12.0
SWE,2021-08-01,45.0
SWE,2021-09-01,205.0
SWE,2021-10-01,130.0
SWE,2021-11-01,103.0
SWE,2021-12-01,224.0
SWE,2022-01-01,821.0
SWE,2022-02-01,1313.0
SWE,2022-03-01,938.0
SWE,2022-04-01,312.0
SWE,2022-05-01,161.0
SWE,2022-06-01,152.0
SWE,2022-07-01,330.0
SWE,2022-08-01,552.0
SWE,2022-09-01,371.0
SWE,2022-10-01,365.0
SWE,2022-11-01,460.0
SWE,2022-12-01,1175.0
SWE,2023-01-01,1053.0
SWE,2023-02-01,263.0
SWE,2023-03-01,232.0
SWE,2023-04-01,255.0
SWE,2023-05-01,287.0
SWE,2023-06-01,120.0
SWE,2023-07-01,75.0
SWE,2023-08-01,80.0
SWE,2023-09-01,132.0
SWE,2023-10-01,224.0
SWE,2023-11-01,927.0
SWE,2023-12-01,747.0
SWE,2024-01-01,430.0
SWE,2024-02-01,108.0
SWE,2024-03-01,33.0
SWE,2024-04-01,16.0
SWE,2024-05-01,34.0
SWE,2024-06-01,28.0
SWE,2024-07-01,95.0
SWE,2024-08-01,177.0
SWE,2024-09-01,212.0
SWE,2024-10-01,237.0
SWE,2024-11-01,170.0
SWE,2024-12-01,200.0
SWE,2025-01-01,166.0
SWE,2025-02-01,81.0
SWE,2025-03-01,50.0
SWE,2025-04-01,36.0
SWE,2025-05-01,20.0
SWE,2025-06-01,27.0
SWE,2025-07-01,37.0
SWE,2025-08-01,30.0
SXM,2020-04-01,15.0
SXM,2020-07-01,3.0
SXM,2020-08-01,3.0
SXM,2020-09-01,2.0
SXM,2020-10-01,1.0
SXM,2020-11-01,1.0
SXM,2020-12-01,2.0
SXM,2021-04-01,1.0
SXM,2021-05-01,3.0
SXM,2021-06-01,2.0
SXM,2021-07-01,4.0
SXM,2021-08-01,19.0
SXM,2021-09-01,12.0
SXM,2021-10-01,3.0
SXM,2021-11-01,4.0
SXM,2021-12-01,1.0
SXM,2022-01-01,7.0
SXM,2022-02-01,3.0
SXM,2022-10-01,3.0
SXM,2023-01-01,1.0
SXM,2023-04-01,2.0
SYR,2020-08-01,1.0
SYR,2020-09-01,24.0
SYR,2020-10-01,69.0
SYR,2020-11-01,210.0
SYR,2020-12-01,133.0
SYR,2021-01-01,23.0
SYR,2021-02-01,2.0
SYR,2021-03-01,1.0
SYR,2021-04-01,13.0
SYR,2021-05-01,9.0
SYR,2021-06-01,30.0
SYR,2021-07-01,2.0
SYR,2021-08-01,61.0
SYR,2021-09-01,297.0
SYR,2021-10-01,171.0
SYR,2021-11-01,98.0
SYR,2021-12-01,17.0
SYR,2022-01-01,5.0
SYR,2022-02-01,16.0
SYR,2022-03-01,47.0
TCA,2020-03-01,1.0
TCA,2020-04-01,1.0
TCA,2020-07-01,1.0
TCA,2020-08-01,2.0
TCA,2020-09-01,2.0
TCA,2021-01-01,4.0
TCA,2021-02-01,6.0
TCA,2021-03-01,3.0
TCA,2021-06-01,1.0
TCA,2021-08-01,2.0
TCA,2021-09-01,4.0
TCA,2021-11-01,2.0
TCA,2021-12-01,2.0
TCA,2022-01-01,8.0
TCA,2022-02-01,2.0
TCA,2022-12-01,2.0
TCA,2023-06-01,1.0
TCA,2023-09-01,1.0
TCA,2025-07-01,1.0
TGO,2020-04-01,2.0
THA,2020-03-01,1.0
TLS,2021-04-01,4.0
TLS,2021-05-01,4.0
TLS,2021-06-01,4.0
TLS,2021-07-01,1.0
TLS,2021-08-01,4.0
TLS,2021-09-01,1.0
TTO,2020-02-01,2.0
TTO,2020-03-01,7.0
TTO,2020-04-01,4.0
TTO,2020-05-01,2.0
TTO,2020-06-01,2.0
TTO,2020-07-01,1.0
TTO,2020-08-01,37.0
TTO,2020-09-01,31.0
TTO,2020-10-01,11.0
TTO,2020-11-01,11.0
TTO,2020-12-01,7.0
TTO,2021-01-01,23.0
TTO,2021-02-01,24.0
TTO,2021-03-01,19.0
TTO,2021-04-01,70.0
TTO,2021-05-01,279.0
TTO,2021-06-01,343.0
TTO,2021-07-01,186.0
TTO,2021-08-01,198.0
TTO,2021-09-01,218.0
TTO,2021-10-01,235.0
TTO,2021-11-01,479.0
TTO,2021-12-01,240.0
TUN,2020-03-01,24.0
TUN,2020-04-01,23.0
TUN,2020-05-01,3.0
TUN,2020-07-01,2.0
TUN,2020-08-01,38.0
TUN,2020-09-01,399.0
TUN,2020-10-01,674.0
TUN,2020-11-01,51.0
TUR,2020-04-01,3.0
TUR,2020-05-01,1.0
TUR,2020-06-01,1.0
TUR,2020-09-01,446.0
TUR,2020-10-01,1884.0
TUR,2020-11-01,3227.0
TUR,2020-12-01,7934.0
TUR,2021-01-01,4508.0
TUR,2021-02-01,2578.0
TUR,2021-03-01,3697.0
TUR,2021-04-01,8589.0
TUR,2021-05-01,6562.0
TUR,2021-06-01,2520.0
TUR,2021-07-01,1506.0
TUR,2021-08-01,4783.0
TUR,2021-09-01,8449.0
TUR,2021-10-01,5952.0
TUR,2021-11-01,5870.0
TUR,2021-12-01,6219.0
TUR,2022-01-01,4619.0
TUR,2022-02-01,7038.0
TUR,2022-03-01,3940.0
TUR,2022-04-01,631.0
TUR,2022-05-01,178.0
TUR,2022-06-01,98.0
TUR,2022-07-01,619.0
TUR,2022-08-01,1292.0
TUR,2022-09-01,224.0
TUR,2022-10-01,130.0
TUR,2022-11-01,205.0
TUR,2022-12-01,221.0
TUR,2023-01-01,212.0
TUR,2023-02-01,92.0
TUR,2023-03-01,74.0
TZA,2020-04-01,4.0
UKR,2020-08-01,1.0
UKR,2020-09-01,2.0
UKR,2020-10-01,1369.0
UKR,2020-11-01,4953.0
UKR,2020-12-01,6776.0
UKR,2021-01-01,3665.0
UKR,2021-02-01,3283.0
UKR,2021-03-01,8537.0
UKR,2021-04-01,10163.0
UKR,2021-05-01,5946.0
UKR,2021-06-01,1788.0
UKR,2021-07-01,471.0
UKR,2021-08-01,780.0
UKR,2021-09-01,3151.0
UKR,2021-10-01,11138.0
UKR,2021-11-01,17388.0
UKR,2021-12-01,10887.0
UKR,2022-01-01,3902.0
UKR,2022-02-01,5746.0
UKR,2022-03-01,2071.0
UKR,2022-04-01,393.0
UKR,2022-05-01,160.0
UKR,2022-06-01,102.0
UKR,2022-07-01,60.0
UKR,2022-08-01,158.0
UKR,2022-09-01,559.0
UKR,2022-10-01,779.0
UKR,2022-11-01,452.0
UKR,2022-12-01,221.0
UKR,2023-01-01,189.0
UKR,2023-02-01,235.0
UKR,2023-03-01,491.0
UKR,2023-04-01,422.0
UKR,2023-05-01,208.0
UKR,2023-06-01,64.0
UKR,2024-03-01,2.0
UKR,2024-08-01,3.0
UKR,2024-11-01,2.0
UKR,2025-08-01,2.0
URY,2020-01-01,18.0
URY,2020-02-01,11.0
URY,2020-03-01,13.0
URY,2020-04-01,8.0
URY,2020-06-01,4.0
URY,2023-02-01,1.0
URY,2023-03-01,1.0
URY,2023-10-01,1.0
URY,2023-11-01,1.0
URY,2024-01-01,21.0
URY,2024-02-01,11.0
URY,2024-03-01,13.0
URY,2024-04-01,7.0
URY,2024-05-01,1.0
URY,2024-06-01,4.0
URY,2024-09-01,2.0
URY,2024-10-01,5.0
URY,2024-11-01,2.0
URY,2024-12-01,3.0
URY,2025-04-01,1.0
USA,2020-01-01,6.0
USA,2020-02-01,25.0
USA,2020-03-01,7150.0
USA,2020-04-01,65418.0
USA,2020-05-01,38257.0
USA,2020-06-01,17980.0
USA,2020-07-01,31032.0
USA,2020-08-01,29835.0
USA,2020-09-01,19119.0
USA,2020-10-01,24885.0
USA,2020-11-01,53180.0
USA,2020-12-01,98027.0
USA,2021-01-01,105339.0
USA,2021-02-01,48458.0
USA,2021-03-01,23218.0
USA,2021-04-01,18745.0
USA,2021-05-01,14933.0
USA,2021-06-01,7986.0
USA,2021-07-01,11178.0
USA,2021-08-01,48694.0
USA,2021-09-01,63297.0
USA,2021-10-01,42519.0
USA,2021-11-01,32265.0
USA,2021-12-01,45550.0
USA,2022-01-01,83831.0
USA,2022-02-01,50271.0
USA,2022-03-01,15669.0
USA,2022-04-01,6330.0
USA,2022-05-01,7659.0
USA,2022-06-01,9567.0
USA,2022-07-01,13427.0
USA,2022-08-01,14177.0
USA,2022-09-01,11192.0
USA,2022-10-01,9806.0
USA,2022-11-01,10108.0
USA,2022-12-01,14517.0
USA,2023-01-01,14885.0
USA,2023-02-01,8992.0
USA,2023-03-01,7606.0
USA,2023-04-01,5170.0
USA,2023-05-01,3536.0
USA,2023-06-01,2589.0
USA,2023-07-01,2358.0
USA,2023-08-01,4057.0
USA,2023-09-01,5959.0
USA,2023-10-01,5907.0
USA,2023-11-01,6236.0
USA,2023-12-01,8617.0
USA,2024-01-01,10251.0
USA,2024-02-01,6017.0
USA,2024-03-01,4166.0
USA,2024-04-01,2231.0
USA,2024-05-01,1534.0
USA,2024-06-01,1671.0
USA,2024-07-01,3199.0
USA,2024-08-01,5187.0
USA,2024-09-01,4895.0
USA,2024-10-01,3328.0
USA,2024-11-01,2213.0
USA,2024-12-01,2722.0
USA,2025-01-01,4363.0
USA,2025-02-01,3062.0
USA,2025-03-01,2288.0
USA,2025-04-01,1576.0
USA,2025-05-01,1008.0
USA,2025-06-01,757.0
USA,2025-07-01,828.0
USA,2025-08-01,1183.0
VEN,2020-11-01,1.0
VEN,2021-01-01,1.0
VEN,2021-02-01,1.0
VEN,2021-03-01,7.0
VEN,2021-04-01,1.0
VEN,2021-05-01,60.0
VEN,2021-06-01,108.0
VEN,2021-07-01,66.0
VEN,2021-08-01,134.0
VEN,2021-09-01,46.0
VEN,2021-10-01,47.0
VEN,2021-11-01,27.0
VEN,2021-12-01,41.0
VEN,2022-01-01,12.0
VEN,2022-02-01,41.0
VEN,2022-03-01,4.0
VEN,2022-04-01,1.0
VEN,2022-05-01,2.0
VEN,2022-07-01,10.0
VEN,2022-08-01,8.0
VEN,2022-09-01,1.0
VEN,2022-11-01,1.0
VEN,2022-12-01,4.0
VEN,2023-02-01,2.0
VGB,2020-04-01,1.0
XKX,2020-06-01,16.0
XKX,2020-07-01,207.0
XKX,2020-08-01,270.0
XKX,2020-09-01,108.0
XKX,2020-10-01,78.0
XKX,2020-11-01,358.0
XKX,2020-12-01,233.0
XKX,2021-01-01,146.0
XKX,2021-02-01,105.0
XKX,2021-03-01,318.0
XKX,2021-04-01,201.0
XKX,2021-05-01,53.0
XKX,2021-06-01,17.0
XKX,2021-07-01,5.0
XKX,2021-08-01,125.0
XKX,2021-09-01,288.0
XKX,2021-10-01,15.0
XKX,2021-11-01,6.0
XKX,2021-12-01,8.0
XKX,2022-01-01,24.0
XKX,2022-02-01,99.0
XKX,2022-03-01,19.0
XKX,2022-04-01,1.0
XKX,2022-05-01,1.0
XKX,2022-06-01,1.0
XKX,2022-07-01,17.0
XKX,2022-08-01,28.0
XKX,2022-09-01,1.0
XKX,2022-10-01,2.0
XKX,2023-01-01,1.0
XKX,2023-02-01,5.0
XKX,2023-03-01,4.0
XKX,2023-05-01,1.0
XKX,2023-06-01,1.0
YEM,2020-04-01,5.0
YEM,2020-05-01,14.0
YEM,2021-03-01,1.0
ZAF,2020-03-01,12.0
ZAF,2020-04-01,24.0
